ID,Local_ID,Language_ID,Parameter_ID,Value,Form,Segments,Comment,Source,Cognacy,Loan,Graphemes,Profile
ProtoHmongMien-1_hundred-1,,ProtoHmongMien,1_hundred,pæk,pæk,p æ k,,Ratliff2010,,,^p æ k$,default
ProtoHmongMien-3_sell-1,,ProtoHmongMien,3_sell,mɛijH,mɛijH,m ɛi j H/⁵¹,,Ratliff2010,,,^m ɛi j H$,default
ProtoHmongMien-4_taro-1,,ProtoHmongMien,4_taro,wouH,wouH,w o u H/⁵¹,,Ratliff2010,,,^w o u H$,default
ProtoHmongMien-5_sleep-1,,ProtoHmongMien,5_sleep,pu̯eiH,pu̯eiH,p w ei H/⁵¹,,Ratliff2010,,,^p u̯ ei H$,default
ProtoHmongMien-6_flower-1,,ProtoHmongMien,6_flower,bi̯aŋ,bi̯aŋ,b j a ŋ,,Ratliff2010,,,^b i̯ a ŋ$,default
ProtoHmongMien-7_two-1,,ProtoHmongMien,7_two,ʔu̯i,ʔu̯i,ʔ w i,,Ratliff2010,,,^ʔ u̯ i$,default
ProtoHmongMien-8_fruit-1,,ProtoHmongMien,8_fruit,pji̯əuX,pji̯əuX,p j əu X/¹⁵,,Ratliff2010,,,^p ji̯ əu X$,default
ProtoHmongMien-9_three-1,,ProtoHmongMien,9_three,pjɔu,pjɔu,p j ɔu,,Ratliff2010,,,^p j ɔu $,default
ProtoHmongMien-10_full-1,,ProtoHmongMien,10_full,pu̯ɛŋX,pu̯ɛŋX,p w ɛ ŋ X/¹⁵,,Ratliff2010,,,^p u̯ ɛ ŋ X$,default
ProtoHmongMien-11_hand-1,,ProtoHmongMien,11_hand,bɔuX,bɔuX,b ɔu X/¹⁵,,Ratliff2010,,,^b ɔu X$,default
ProtoHmongMien-13_five-1,,ProtoHmongMien,13_five,pra,pra,p r a,,Ratliff2010,,,^p r a$,default
ProtoHmongMien-14_fish-1,,ProtoHmongMien,14_fish,mbrəuX,mbrəuX,ⁿb r əu X/¹⁵,,Ratliff2010,,,^mb r əu X$,default
ProtoHmongMien-16_spicy-1,,ProtoHmongMien,16_spicy,mbrat,mbrat,ⁿb r a t,,Ratliff2010,,,^mb r a t$,default
ProtoHmongMien-17_urine-1,,ProtoHmongMien,17_urine,raX,raX,r a X/¹⁵,,Ratliff2010,,,^r a X$,default
ProtoHmongMien-18_four-1,,ProtoHmongMien,18_four,plei,plei,p l ei,,Ratliff2010,,,^p l ei $,default
ProtoHmongMien-19_drink-1,,ProtoHmongMien,19_drink,hup,hup,h u p,,Ratliff2010,,,^h u p$,default
ProtoHmongMien-20_tongue-1,,ProtoHmongMien,20_tongue,mblet,mblet,ⁿb l e t,,Ratliff2010,,,^mb l e t$,default
ProtoHmongMien-21_hair-1,,ProtoHmongMien,21_hair,pljei,pljei,p l j ei,,Ratliff2010,,,^p l j ei $,default
ProtoHmongMien-22_sour-1,,ProtoHmongMien,22_sour,suj,suj,s u j,,Ratliff2010,,,^s u j$,default
ProtoHmongMien-23_lacquer-1,,ProtoHmongMien,23_lacquer,tʰ jet,tʰ_jet,tʰ + j e t,,Ratliff2010,,,^tʰ _ j e t$,default
ProtoHmongMien-24_bone-1,,ProtoHmongMien,24_bone,ʦʰuŋX,ʦʰuŋX,tsʰ u ŋ X/¹⁵,,Ratliff2010,,,^ʦʰ u ŋ X$,default
ProtoHmongMien-25_washhands-1,,ProtoHmongMien,25_washhands,ntsæwX,ntsæwX,n ts æ w X/¹⁵,,Ratliff2010,,,^n ts æ w X$,default
ProtoHmongMien-26_wing-1,,ProtoHmongMien,26_wing,N-tat,N-tat,n t a t,,Ratliff2010,,,^N- t a t$,default
ProtoHmongMien-27_charcoal-1,,ProtoHmongMien,27_charcoal,tʰanH,tʰanH,tʰ a n H/⁵¹,,Ratliff2010,,,^tʰ a n H$,default
ProtoHmongMien-28_fire-1,,ProtoHmongMien,28_fire,douX,douX,d o u X/¹⁵,,Ratliff2010,,,^d o u X$,default
ProtoHmongMien-29_die-1,,ProtoHmongMien,29_die,dəjH,dəjH,d ə j H/⁵¹,,Ratliff2010,,,^d ə j H$,default
ProtoHmongMien-30_long-1,,ProtoHmongMien,30_long,ntauX,ntauX,n t au X/¹⁵,,Ratliff2010,,,^n t au X$,default
ProtoHmongMien-32_this-1,,ProtoHmongMien,32_this,ʔneinX,ʔneinX,ʔ n ei n X/¹⁵,,Ratliff2010,,,^ʔ n ei n X$,default
ProtoHmongMien-34_crossriver-1,,ProtoHmongMien,34_crossriver,KwajH,KwajH,kʷ ai H/⁵¹,,Ratliff2010,,,^Kw aj H$,default
ProtoHmongMien-35_bird-1,,ProtoHmongMien,35_bird,m-nɔk,m-nɔk,m n ɔ k,,Ratliff2010,,,^m - n ɔ k$,default
ProtoHmongMien-36_moon-1,,ProtoHmongMien,36_moon,hlaH,hlaH,h l a H/⁵¹,,Ratliff2010,,,^h l a H$,default
ProtoHmongMien-37_tail-1,,ProtoHmongMien,37_tail,tu̯eiX,tu̯eiX,t w ei X/¹⁵,,Ratliff2010,,,^t u̯ ei X$,default
ProtoHmongMien-38_cucumber-1,,ProtoHmongMien,38_cucumber,Kwa,Kwa,kʷ a,,Ratliff2010,,,^Kw a$,default
ProtoHmongMien-39_chicken-1,,ProtoHmongMien,39_chicken,Kəi,Kəi,k əi ⁰,,Ratliff2010,,,^Kəi$,default
ProtoHmongMien-40_chopsticks-1,,ProtoHmongMien,40_chopsticks,drouH,drouH,d r o u H/⁵¹,,Ratliff2010,,,^d r o u H$,default
ProtoHmongMien-41_six-1,,ProtoHmongMien,41_six,kruk,kruk,k r u k,,Ratliff2010,,,^k r u k$,default
ProtoHmongMien-42_laugh-1,,ProtoHmongMien,42_laugh,krət,krət,k r ə t,,Ratliff2010,,,^k r ə t$,default
ProtoHmongMien-43_fat-1,,ProtoHmongMien,43_fat,grəunH,grəunH,g r əu n H/⁵¹,,Ratliff2010,,,^g r əu n H$,default
ProtoHmongMien-44_high-1,,ProtoHmongMien,44_high,-hr̯əŋ,-hr̯əŋ,h r ə ŋ,,Ratliff2010,,,^ - h r̯ ə ŋ$,default
ProtoHmongMien-45_new-1,,ProtoHmongMien,45_new,tsʰji̯əŋ,tsʰji̯əŋ,tsʰ j ə ŋ,,Ratliff2010,,,^tsʰ ji̯ ə ŋ$,default
ProtoHmongMien-46_ash-1,,ProtoHmongMien,46_ash,tsʰju̯əiX   nʦʰjamX,tsʰju̯əiX___nʦʰjamX,tsʰ j w əi X/¹⁵ n tsʰ j a m X/¹⁵,,Ratliff2010,,,^tsʰ j u̯ əi X___ n ʦʰ j a m X$,default
ProtoHmongMien-48_heavy-1,,ProtoHmongMien,48_heavy,hnjeinX,hnjeinX,h n j ei n X/¹⁵,,Ratliff2010,,,^h n j ei n X$,default
ProtoHmongMien-49_steal-1,,ProtoHmongMien,49_steal,ȵemH,ȵemH,ȵ e m H/⁵¹,,Ratliff2010,,,^ȵ e m H$,default
ProtoHmongMien-50_silver-1,,ProtoHmongMien,50_silver,ȵwi̯ən,ȵwi̯ən,ȵ w j ə n,,Ratliff2010,,,^ȵw i̯ ə n$,default
ProtoHmongMien-51_eight-1,,ProtoHmongMien,51_eight,jat,jat,j a t,,Ratliff2010,,,^j a t$,default
ProtoHmongMien-52_nine-1,,ProtoHmongMien,52_nine,N-ɟuə,N-ɟuə,n ɟ u ə,,Ratliff2010,,,^N- ɟ u ə$,default
ProtoHmongMien-53_itchy-1,,ProtoHmongMien,53_itchy,kʰju̯ɛt,kʰju̯ɛt,kʰ j w ɛ t,,Ratliff2010,,,^kʰ j u̯ ɛ t$,default
ProtoHmongMien-54_ten-1,,ProtoHmongMien,54_ten,gju̯ɛp,gju̯ɛp,g j w ɛ p,,Ratliff2010,,,^g j u̯ ɛ p$,default
ProtoHmongMien-55_mushroom-1,,ProtoHmongMien,55_mushroom,ŋkjæu,ŋkjæu,ŋ k j æ u,,Ratliff2010,,,^ŋ k j æ u$,default
ProtoHmongMien-56_aunitofweight-1,,ProtoHmongMien,56_aunitofweight,kwjan,kwjan,k w j a n,,Ratliff2010,,,^kw j a n$,default
ProtoHmongMien-57_worm-1,,ProtoHmongMien,57_worm,klæŋ,klæŋ,k l æ ŋ,,Ratliff2010,,,^k l æ ŋ$,default
ProtoHmongMien-58_road-1,,ProtoHmongMien,58_road,kləuX,kləuX,k l əu X/¹⁵,,Ratliff2010,,,^k l əu X$,default
ProtoHmongMien-59_buffalo-1,,ProtoHmongMien,59_buffalo,ŋiuŋ,ŋiuŋ,ŋ i u ŋ,,Ratliff2010,,,^ŋ i u ŋ$,default
ProtoHmongMien-60_horn-1,,ProtoHmongMien,60_horn,klɛɔŋ,klɛɔŋ,k l ɛɔ ŋ,,Ratliff2010,,,^k l ɛɔ ŋ$,default
ProtoHmongMien-61_vegetable-1,,ProtoHmongMien,61_vegetable,ʔræi,ʔræi,ʔ r æ i,,Ratliff2010,,,^ʔ r æ i$,default
ProtoHmongMien-62_stone-1,,ProtoHmongMien,62_stone,-ʔrəu,-ʔrəu,ʔ r əu,,Ratliff2010,,,^ -ʔ r əu $,default
ProtoHmongMien-1_hundred-2,,ProtoHmongMien,1_hundred,pɛk5,pɛk5,p ɛ k ⁵,,Wang1995b,,,^p ɛ k 5$,default
ProtoHmongMien-2_pain-1,,ProtoHmongMien,2_pain,ʔmɔn1,ʔmɔn1,ʔ m ɔ n ¹,,Wang1995b,,,^ʔ m ɔ n 1$,default
ProtoHmongMien-3_sell-2,,ProtoHmongMien,3_sell,ma6,ma6,m a ⁶/⁵¹,,Wang1995b,,,^m a 6$,default
ProtoHmongMien-4_taro-2,,ProtoHmongMien,4_taro,vəu6,vəu6,v əu ⁶/⁵¹,,Wang1995b,,,^v əu 6$,default
ProtoHmongMien-5_sleep-2,,ProtoHmongMien,5_sleep,pwu5,pwu5,p w u ⁵,,Wang1995b,,,^pw u 5$,default
ProtoHmongMien-6_flower-2,,ProtoHmongMien,6_flower,bwjᴀŋ2,bwjᴀŋ2,b w j ɑ̟ ŋ ²,,Wang1995b,,,^bw j ᴀ ŋ 2$,default
ProtoHmongMien-7_two-2,,ProtoHmongMien,7_two,ʔɪu1,ʔɪu1,ʔ ɪ u ¹,,Wang1995b,,,^ʔ ɪ u 1$,default
ProtoHmongMien-8_fruit-2,,ProtoHmongMien,8_fruit,ptsou3,ptsou3,p ts o u ³,,Wang1995b,,,^p ts o u 3$,default
ProtoHmongMien-9_three-2,,ProtoHmongMien,9_three,pwtsæu1,pwtsæu1,p w ts æ u ¹,,Wang1995b,,,^pw ts æ u 1$,default
ProtoHmongMien-10_full-2,,ProtoHmongMien,10_full,pwtsuəŋ3,pwtsuəŋ3,p w ts u ə ŋ ³,,Wang1995b,,,^pw ts u ə ŋ 3$,default
ProtoHmongMien-11_hand-2,,ProtoHmongMien,11_hand,bwdzæu4,bwdzæu4,b w d z æ u ⁴,,Wang1995b,,,^bw d z æ u 4$,default
ProtoHmongMien-12_snow-1,,ProtoHmongMien,12_snow,mpwtsən5,mpwtsən5,m p w ts ə n ⁵,,Wang1995b,,,^m pw ts ə n 5$,default
ProtoHmongMien-13_five-2,,ProtoHmongMien,13_five,ptʂa1,ptʂa1,p ʈʂ a ¹,,Wang1995b,,,^p tʂ a 1$,default
ProtoHmongMien-14_fish-2,,ProtoHmongMien,14_fish,mbdʐau4,mbdʐau4,ⁿb ɖʐ au ⁴,,Wang1995b,,,^mb dʐ au 4$,default
ProtoHmongMien-15_bambooshoot-1,,ProtoHmongMien,15_bambooshoot,mbdʐai6,mbdʐai6,ⁿb ɖʐ ai ⁶/⁵¹,,Wang1995b,,,^mb dʐ ai 6$,default
ProtoHmongMien-16_spicy-2,,ProtoHmongMien,16_spicy,mbdʐa:t8,mbdʐa:t8,ⁿb ɖʐ aː t ⁸/⁴⁴,,Wang1995b,,,^mb dʐ a: t 8$,default
ProtoHmongMien-17_urine-2,,ProtoHmongMien,17_urine,vʐɐ 4,vʐɐ_4,v ʐ ɐ + ⁴,,Wang1995b,,,^vʐ ɐ _ 4$,default
ProtoHmongMien-18_four-2,,ProtoHmongMien,18_four,l̥oi1,l̥oi1,l̥ o i ¹,,Wang1995b,,,^l̥ o i 1$,default
ProtoHmongMien-19_drink-2,,ProtoHmongMien,19_drink,həp7,həp7,h ə p ⁷/³³,,Wang1995b,,,^h ə p 7$,default
ProtoHmongMien-20_tongue-2,,ProtoHmongMien,20_tongue,mblet8,mblet8,ⁿb l e t ⁸/⁴⁴,,Wang1995b,,,^mb l e t 8$,default
ProtoHmongMien-21_hair-2,,ProtoHmongMien,21_hair,pɭoi1,pɭoi1,p ɭ o i ¹,,Wang1995b,,,^p ɭ o i 1$,default
ProtoHmongMien-22_sour-2,,ProtoHmongMien,22_sour,θə:i1,θə:i1,θ əː i ¹,,Wang1995b,,,^θ ə: i 1$,default
ProtoHmongMien-23_lacquer-2,,ProtoHmongMien,23_lacquer,tθʰ jet7,tθʰ_jet7,t θʰ + j e t ⁷/³³,,Wang1995b,,,^t θʰ _ j e t 7$,default
ProtoHmongMien-24_bone-2,,ProtoHmongMien,24_bone,tθʰwjɒəŋ3,tθʰwjɒəŋ3,t θʰ w j ɒ ə ŋ ³,,Wang1995b,,,^t θʰw j ɒ ə ŋ 3$,default
ProtoHmongMien-25_washhands-2,,ProtoHmongMien,25_washhands,ntsᴀ:u3,ntsᴀ:u3,n ts ɑ̟ː u ³,,Wang1995b,,,^n ts ᴀ: u 3$,default
ProtoHmongMien-26_wing-2,,ProtoHmongMien,26_wing,ta: t7,ta:_t7,t aː + t ⁷/³³,,Wang1995b,,,^t a: _ t 7$,default
ProtoHmongMien-27_charcoal-2,,ProtoHmongMien,27_charcoal,tʰa:n5,tʰa:n5,tʰ aː n ⁵,,Wang1995b,,,^tʰ a: n 5$,default
ProtoHmongMien-28_fire-2,,ProtoHmongMien,28_fire,dəu4,dəu4,d əu ⁴,,Wang1995b,,,^d əu 4$,default
ProtoHmongMien-29_die-2,,ProtoHmongMien,29_die,dɑi6,dɑi6,d ɑ i ⁶/⁵¹,,Wang1995b,,,^d ɑ i 6$,default
ProtoHmongMien-30_long-2,,ProtoHmongMien,30_long,ntæ:u3,ntæ:u3,n t æː u ³,,Wang1995b,,,^n t æ: u 3$,default
ProtoHmongMien-31_wearcap-1,,ProtoHmongMien,31_wearcap,ntɐəŋ5,ntɐəŋ5,n t ɐ ə ŋ ⁵,,Wang1995b,,,^n t ɐ ə ŋ 5$,default
ProtoHmongMien-32_this-2,,ProtoHmongMien,32_this,ʔne:i3,ʔne:i3,ʔ n eː i ³,,Wang1995b,,,^ʔ n e: i 3$,default
ProtoHmongMien-33_classifierbowl-1,,ProtoHmongMien,33_classifierbowl,ʔnlɒ:m1,ʔnlɒ:m1,ʔ n l ɒː m ¹,,Wang1995b,,,^ʔ n l ɒ: m 1$,default
ProtoHmongMien-34_crossriver-2,,ProtoHmongMien,34_crossriver,qlvᴀ:i5,qlvᴀ:i5,q l v ɑ̟ː i ⁵,,Wang1995b,,,^q l v ᴀ: i 5$,default
ProtoHmongMien-35_bird-2,,ProtoHmongMien,35_bird,nmɔk,nmɔk,n m ɔ k,,Wang1995b,,,^n m ɔ k$,default
ProtoHmongMien-36_moon-2,,ProtoHmongMien,36_moon,l̥a5,l̥a5,l̥ a ⁵,,Wang1995b,,,^l̥ a 5$,default
ProtoHmongMien-37_tail-2,,ProtoHmongMien,37_tail,twu3,twu3,t w u ³,,Wang1995b,,,^tw u 3$,default
ProtoHmongMien-38_cucumber-2,,ProtoHmongMien,38_cucumber,qlva1,qlva1,q l v a ¹,,Wang1995b,,,^q l v a 1$,default
ProtoHmongMien-39_chicken-2,,ProtoHmongMien,39_chicken,qəi1,qəi1,q əi ¹,,Wang1995b,,,^q əi 1$,default
ProtoHmongMien-40_chopsticks-2,,ProtoHmongMien,40_chopsticks,ɖəu6,ɖəu6,ɖ əu ⁶/⁵¹,,Wang1995b,,,^ɖ əu 6$,default
ProtoHmongMien-41_six-2,,ProtoHmongMien,41_six,ʈɭɔ:k5,ʈɭɔ:k5,ʈ ɭ ɔː k ⁵,,Wang1995b,,,^ʈ ɭ ɔ: k 5$,default
ProtoHmongMien-42_laugh-2,,ProtoHmongMien,42_laugh,ʈɭot7,ʈɭot7,ʈ ɭ o t ⁷/³³,,Wang1995b,,,^ʈ ɭ o t 7$,default
ProtoHmongMien-43_fat-2,,ProtoHmongMien,43_fat,ɖɭon6,ɖɭon6,ɖ ɭ o n ⁶/⁵¹,,Wang1995b,,,^ɖ ɭ o n 6$,default
ProtoHmongMien-44_high-2,,ProtoHmongMien,44_high,ŋkʰlaŋ1,ŋkʰlaŋ1,ŋ kʰ l a ŋ ¹,,Wang1995b,,,^ŋ kʰ l a ŋ 1$,default
ProtoHmongMien-45_new-2,,ProtoHmongMien,45_new,tʂʰæŋ1,tʂʰæŋ1,ʈʂʰ æ ŋ ¹,,Wang1995b,,,^tʂʰ æ ŋ 1$,default
ProtoHmongMien-46_ash-2,,ProtoHmongMien,46_ash,tʂʰwo:i3,tʂʰwo:i3,ʈʂʰ w oː i ³,,Wang1995b,,,^tʂʰw o: i 3$,default
ProtoHmongMien-47_blood-1,,ProtoHmongMien,47_blood,ɳtʂʰja:m3,ɳtʂʰja:m3,ɳ ʈʂʰ j aː m ³,,Wang1995b,,,^ɳ tʂʰ j a: m 3$,default
ProtoHmongMien-48_heavy-2,,ProtoHmongMien,48_heavy,ȵ̥ ɪŋ3,ȵ̥_ɪŋ3,ȵ̊ + ɪ ŋ ³,,Wang1995b,,,^ȵ̥ _ ɪ ŋ 3$,default
ProtoHmongMien-49_steal-2,,ProtoHmongMien,49_steal,ȵɛ:m6,ȵɛ:m6,ȵ ɛː m ⁶/⁵¹,,Wang1995b,,,^ȵ ɛ: m 6$,default
ProtoHmongMien-50_silver-2,,ProtoHmongMien,50_silver,ȵwɐ:n2,ȵwɐ:n2,ȵ w ɐː n ²,,Wang1995b,,,^ȵw ɐ: n 2$,default
ProtoHmongMien-51_eight-2,,ProtoHmongMien,51_eight,ʑᴀt8,ʑᴀt8,ʑ ɑ̟ t ⁸/⁴⁴,,Wang1995b,,,^ʑ ᴀ t 8$,default
ProtoHmongMien-52_nine-2,,ProtoHmongMien,52_nine,ʔwɔu2,ʔwɔu2,ˀw ɔu ²,,Wang1995b,,,^ʔw ɔu 2$,default
ProtoHmongMien-53_itchy-2,,ProtoHmongMien,53_itchy,cʰɛt7,cʰɛt7,cʰ ɛ t ⁷/³³,,Wang1995b,,,^cʰ ɛ t 7$,default
ProtoHmongMien-54_ten-2,,ProtoHmongMien,54_ten,fɑp8,fɑp8,f ɑ p ⁸/⁴⁴,,Wang1995b,,,^f ɑ p 8$,default
ProtoHmongMien-55_mushroom-2,,ProtoHmongMien,55_mushroom,ɲcə1,ɲcə1,ɲ c ə ¹,,Wang1995b,,,^ɲ c ə 1$,default
ProtoHmongMien-56_aunitofweight-2,,ProtoHmongMien,56_aunitofweight,cwɪ:n1,cwɪ:n1,tsʷ ɪː n ¹,,Wang1995b,,,^cw ɪ: n 1$,default
ProtoHmongMien-57_worm-2,,ProtoHmongMien,57_worm,clɛ:ŋ1,clɛ:ŋ1,c l ɛː ŋ ¹,,Wang1995b,,,^c l ɛ: ŋ 1$,default
ProtoHmongMien-58_road-2,,ProtoHmongMien,58_road,clau3,clau3,c l au ³,,Wang1995b,,,^c l au 3$,default
ProtoHmongMien-59_buffalo-2,,ProtoHmongMien,59_buffalo,ŋɔ:ŋ2,ŋɔ:ŋ2,ŋ ɔː ŋ ²,,Wang1995b,,,^ŋ ɔ: ŋ 2$,default
ProtoHmongMien-60_horn-2,,ProtoHmongMien,60_horn,klo:ŋ1,klo:ŋ1,k l oː ŋ ¹,,Wang1995b,,,^k l o: ŋ 1$,default
ProtoHmongMien-61_vegetable-2,,ProtoHmongMien,61_vegetable,ŋklɐi1,ŋklɐi1,ŋ k l ɐ i ¹,,Wang1995b,,,^ŋ k l ɐ i 1$,default
ProtoHmongMien-62_stone-2,,ProtoHmongMien,62_stone,ŋklau1,ŋklau1,ŋ k l au ¹,,Wang1995b,,,^ŋ k l au 1$,default
Jiwei-1_hundred-1,,Jiwei,1_hundred,pa53,pa53,p a ⁵³,,Wang2015,,,^p a 53$,default
Jiwei-2_pain-1,,Jiwei,2_pain,moŋ35,moŋ35,m o ŋ ³⁵,,Wang2015,,,^m o ŋ 35$,default
Jiwei-3_sell-1,,Jiwei,3_sell,me42,me42,m e ⁴²,,Wang2015,,,^m e 42$,default
Jiwei-4_taro-1,,Jiwei,4_taro,wə42,wə42,w ə ⁴²,,Wang2015,,,^w ə 42$,default
Jiwei-5_sleep-1,,Jiwei,5_sleep,pə53,pə53,p ə ⁵³,,Wang2015,,,^p ə 53$,default
Jiwei-6_flower-1,,Jiwei,6_flower,pei31,pei31,p ei ³¹,,Wang2015,,,^p ei 31$,default
Jiwei-7_two-1,,Jiwei,7_two,ɯ35,ɯ35,ɯ ³⁵,,Wang2015,,,^ɯ 35$,default
Jiwei-8_fruit-1,,Jiwei,8_fruit,pi44,pi44,p i ⁴⁴,,Wang2015,,,^p i 44$,default
Jiwei-9_three-1,,Jiwei,9_three,pu35,pu35,p u ³⁵,,Wang2015,,,^p u 35$,default
Jiwei-10_full-1,,Jiwei,10_full,pe44,pe44,p e ⁴⁴,,Wang2015,,,^p e 44$,default
Jiwei-11_hand-1,,Jiwei,11_hand,tɯ 33,tɯ_33,t ɯ + ³³,,Wang2015,,,^t ɯ _ 33$,default
Jiwei-12_snow-1,,Jiwei,12_snow,mpe53,mpe53,m p e ⁵³,,Wang2015,,,^m p e 53$,default
Jiwei-13_five-1,,Jiwei,13_five,pʐɑ35,pʐɑ35,p ʐ ɑ ³⁵,,Wang2015,,,^pʐ ɑ 35$,default
Jiwei-14_fish-1,,Jiwei,14_fish,mʐɯ33,mʐɯ33,m ʐ ɯ ³³,,Wang2015,,,^mʐ ɯ 33$,default
Jiwei-15_bambooshoot-1,,Jiwei,15_bambooshoot,mʐɑ42,mʐɑ42,m ʐ ɑ ⁴²,,Wang2015,,,^mʐ ɑ 42$,default
Jiwei-16_spicy-1,,Jiwei,16_spicy,mʐei33,mʐei33,m ʐ ei ³³,,Wang2015,,,^mʐ ei 33$,default
Jiwei-17_urine-1,,Jiwei,17_urine,ʐɑ33,ʐɑ33,ʐ ɑ ³³,,Wang2015,,,^ʐ ɑ 33$,default
Jiwei-18_four-1,,Jiwei,18_four,pʐei35,pʐei35,p ʐ ei ³⁵,,Wang2015,,,^pʐ ei 35$,default
Jiwei-19_drink-1,,Jiwei,19_drink,hu44,hu44,h u ⁴⁴,,Wang2015,,,^h u 44$,default
Jiwei-20_tongue-1,,Jiwei,20_tongue,mjɑ33,mjɑ33,m j ɑ ³³,,Wang2015,,,^m j ɑ 33$,default
Jiwei-21_hair-1,,Jiwei,21_hair,pi35,pi35,p i ³⁵,,Wang2015,,,^p i 35$,default
Jiwei-22_sour-1,,Jiwei,22_sour,ɕɔ35,ɕɔ35,ɕ ɔ ³⁵,,Wang2015,,,^ɕ ɔ 35$,default
Jiwei-23_lacquer-1,,Jiwei,23_lacquer,ʦʰei44 I! F!,ʦʰei44_I!_F!,tsʰ ei ⁴⁴,,Wang2015,,,^ʦʰ ei 44 _I! _F! $,default
Jiwei-24_bone-1,,Jiwei,24_bone,soŋ44,soŋ44,s o ŋ ⁴⁴,,Wang2015,,,^s o ŋ 44$,default
Jiwei-25_washhands-1,,Jiwei,25_washhands,ntsa44,ntsa44,n ts a ⁴⁴,,Wang2015,,,^n ts a 44$,default
Jiwei-26_wing-1,,Jiwei,26_wing,tei44,tei44,t ei ⁴⁴,,Wang2015,,,^t ei 44$,default
Jiwei-27_charcoal-1,,Jiwei,27_charcoal,tʰe53,tʰe53,tʰ e ⁵³,,Wang2015,,,^tʰ e 53$,default
Jiwei-28_fire-1,,Jiwei,28_fire,tə33,tə33,t ə ³³,,Wang2015,,,^t ə 33$,default
Jiwei-29_die-1,,Jiwei,29_die,tɑ42,tɑ42,t ɑ ⁴²,,Wang2015,,,^t ɑ 42$,default
Jiwei-30_long-1,,Jiwei,30_long,ntɯ44,ntɯ44,n t ɯ ⁴⁴,,Wang2015,,,^n t ɯ 44$,default
Jiwei-31_wearcap-1,,Jiwei,31_wearcap,ntu53,ntu53,n t u ⁵³,,Wang2015,,,^n t u 53$,default
Jiwei-32_this-1,,Jiwei,32_this,nei44,nei44,n ei ⁴⁴,,Wang2015,,,^n ei 44$,default
Jiwei-33_classifierbowl-1,,Jiwei,33_classifierbowl,le35,le35,l e ³⁵,,Wang2015,,,^l e 35$,default
Jiwei-34_crossriver-1,,Jiwei,34_crossriver,kwɑ53,kwɑ53,k w ɑ ⁵³,,Wang2015,,,^kw ɑ 53$,default
Jiwei-35_bird-1,,Jiwei,35_bird,nu42,nu42,n u ⁴²,,Wang2015,,,^n u 42$,default
Jiwei-36_moon-1,,Jiwei,36_moon,l̥ʰa53,l̥ʰa53,l̥ʰ a ⁵³,,Wang2015,,,^l̥ʰ a 53$,default
Jiwei-37_tail-1,,Jiwei,37_tail,tə44,tə44,t ə ⁴⁴,,Wang2015,,,^t ə 44$,default
Jiwei-38_cucumber-1,,Jiwei,38_cucumber,kwɑ35,kwɑ35,k w ɑ ³⁵,,Wang2015,,,^kw ɑ 35$,default
Jiwei-39_chicken-1,,Jiwei,39_chicken,qa35,qa35,q a ³⁵,,Wang2015,,,^q a 35$,default
Jiwei-40_chopsticks-1,,Jiwei,40_chopsticks,ʈɯ42 F!,ʈɯ42_F!,ʈ ɯ ⁴²,,Wang2015,,,^ʈ ɯ 42 _F! $,default
Jiwei-41_six-1,,Jiwei,41_six,ʈɔ53,ʈɔ53,ʈ ɔ ⁵³,,Wang2015,,,^ʈ ɔ 53$,default
Jiwei-42_laugh-1,,Jiwei,42_laugh,ʈo44,ʈo44,ʈ o ⁴⁴,,Wang2015,,,^ʈ o 44$,default
Jiwei-43_fat-1,,Jiwei,43_fat,ʈɑŋ42,ʈɑŋ42,ʈ ɑ ŋ ⁴²,,Wang2015,,,^ʈ ɑ ŋ 42$,default
Jiwei-44_high-1,,Jiwei,44_high,ʂɛ35,ʂɛ35,ʂ ɛ ³⁵,,Wang2015,,,^ʂ ɛ 35$,default
Jiwei-45_new-1,,Jiwei,45_new,ɕɛ35,ɕɛ35,ɕ ɛ ³⁵,,Wang2015,,,^ɕ ɛ 35$,default
Jiwei-46_ash-1,,Jiwei,46_ash,ɕi44,ɕi44,ɕ i ⁴⁴,,Wang2015,,,^ɕ i 44$,default
Jiwei-47_blood-1,,Jiwei,47_blood,ȵʨʰi44,ȵʨʰi44,ȵ tɕʰ i ⁴⁴,,Wang2015,,,^ȵ ʨʰ i 44$,default
Jiwei-48_heavy-1,,Jiwei,48_heavy,hei44 I!,hei44_I!,h ei ⁴⁴,,Wang2015,,,^h ei 44 _I! $,default
Jiwei-49_steal-1,,Jiwei,49_steal,ȵɛ42,ȵɛ42,ȵ ɛ ⁴²,,Wang2015,,,^ȵ ɛ 42$,default
Jiwei-50_silver-1,,Jiwei,50_silver,ŋoŋ31,ŋoŋ31,ŋ o ŋ ³¹,,Wang2015,,,^ŋ o ŋ 31$,default
Jiwei-51_eight-1,,Jiwei,51_eight,ʑi33,ʑi33,ʑ i ³³,,Wang2015,,,^ʑ i 33$,default
Jiwei-52_nine-1,,Jiwei,52_nine,ʨo31,ʨo31,tɕ o ³¹,,Wang2015,,,^ʨ o 31$,default
Jiwei-53_itchy-1,,Jiwei,53_itchy,ɕi55 T!,ɕi55_T!,ɕ i ⁵⁵,,Wang2015,,,^ɕ i 55 _T! $,default
Jiwei-54_ten-1,,Jiwei,54_ten,ku33,ku33,k u ³³,,Wang2015,,,^k u 33$,default
Jiwei-55_mushroom-1,,Jiwei,55_mushroom,ŋkɯ35,ŋkɯ35,ŋ k ɯ ³⁵,,Wang2015,,,^ŋ k ɯ 35$,default
Jiwei-56_aunitofweight-1,,Jiwei,56_aunitofweight,kɑŋ35,kɑŋ35,k ɑ ŋ ³⁵,,Wang2015,,,^k ɑ ŋ 35$,default
Jiwei-57_worm-1,,Jiwei,57_worm,ci35,ci35,c i ³⁵,,Wang2015,,,^c i 35$,default
Jiwei-58_road-1,,Jiwei,58_road,kɯ43,kɯ43,k ɯ ⁴³,,Wang2015,,,^k ɯ 43$,default
Jiwei-59_buffalo-1,,Jiwei,59_buffalo,ȵe31,ȵe31,ȵ e ³¹,,Wang2015,,,^ȵ e 31$,default
Jiwei-60_horn-1,,Jiwei,60_horn,ce35,ce35,c e ³⁵,,Wang2015,,,^c e 35$,default
Jiwei-61_vegetable-1,,Jiwei,61_vegetable,ʐei35,ʐei35,ʐ ei ³⁵,,Wang2015,,,^ʐ ei 35$,default
Jiwei-62_stone-1,,Jiwei,62_stone,ʐɯ35,ʐɯ35,ʐ ɯ ³⁵,,Wang2015,,,^ʐ ɯ 35$,default
Yanghao-1_hundred-1,,Yanghao,1_hundred,pa44,pa44,p a ⁴⁴,,Wang2015,,,^p a 44$,default
Yanghao-2_pain-1,,Yanghao,2_pain,moŋ33,moŋ33,m o ŋ ³³,,Wang2015,,,^m o ŋ 33$,default
Yanghao-3_sell-1,,Yanghao,3_sell,mɛ11(4) T!,mɛ11(4)_T!,m ɛ ¹¹,,Wang2015,,,^m ɛ 11 (4) _T! $,default
Yanghao-4_taro-1,,Yanghao,4_taro,vu13,vu13,v u ¹³,,Wang2015,,,^v u 13$,default
Yanghao-5_sleep-1,,Yanghao,5_sleep,pi44,pi44,p i ⁴⁴,,Wang2015,,,^p i 44$,default
Yanghao-6_flower-1,,Yanghao,6_flower,paŋ55,paŋ55,p a ŋ ⁵⁵,,Wang2015,,,^p a ŋ 55$,default
Yanghao-7_two-1,,Yanghao,7_two,o33,o33,o ³³,,Wang2015,,,^o 33$,default
Yanghao-8_fruit-1,,Yanghao,8_fruit,tsen35,tsen35,ts e n ³⁵,,Wang2015,,,^ts e n 35$,default
Yanghao-9_three-1,,Yanghao,9_three,pi33,pi33,p i ³³,,Wang2015,,,^p i 33$,default
Yanghao-10_full-1,,Yanghao,10_full,pɛ35,pɛ35,p ɛ ³⁵,,Wang2015,,,^p ɛ 35$,default
Yanghao-11_hand-1,,Yanghao,11_hand,pi11,pi11,p i ¹¹,,Wang2015,,,^p i 11$,default
Yanghao-12_snow-1,,Yanghao,12_snow,pɛ44,pɛ44,p ɛ ⁴⁴,,Wang2015,,,^p ɛ 44$,default
Yanghao-13_five-1,,Yanghao,13_five,tsa33,tsa33,ts a ³³,,Wang2015,,,^ts a 33$,default
Yanghao-14_fish-1,,Yanghao,14_fish,zɛ11,zɛ11,z ɛ ¹¹,,Wang2015,,,^z ɛ 11$,default
Yanghao-15_bambooshoot-1,,Yanghao,15_bambooshoot,za13,za13,z a ¹³,,Wang2015,,,^z a 13$,default
Yanghao-16_spicy-1,,Yanghao,16_spicy,za31,za31,z a ³¹,,Wang2015,,,^z a 31$,default
Yanghao-17_urine-1,,Yanghao,17_urine,va11 I!,va11_I!,v a ¹¹,,Wang2015,,,^v a 11 _I! $,default
Yanghao-18_four-1,,Yanghao,18_four,l̥u33,l̥u33,l̥ u ³³,,Wang2015,,,^l̥ u 33$,default
Yanghao-19_drink-1,,Yanghao,19_drink,hə53,hə53,h ə ⁵³,,Wang2015,,,^h ə 53$,default
Yanghao-20_tongue-1,,Yanghao,20_tongue,ȵi31,ȵi31,ȵ i ³¹,,Wang2015,,,^ȵ i 31$,default
Yanghao-21_hair-1,,Yanghao,21_hair,ȴu33̥,ȴu33̥,ȴ u ³³,,Wang2015,,,^ȴ u 33̥$,default
Yanghao-22_sour-1,,Yanghao,22_sour,ɕʰu33,ɕʰu33,ɕʰ u ³³,,Wang2015,,,^ɕʰ u 33$,default
Yanghao-23_lacquer-1,,Yanghao,23_lacquer,sʰei53,sʰei53,sʰ ei ⁵³,,Wang2015,,,^sʰ ei 53$,default
Yanghao-24_bone-1,,Yanghao,24_bone,sʰoŋ35,sʰoŋ35,sʰ o ŋ ³⁵,,Wang2015,,,^sʰ o ŋ 35$,default
Yanghao-25_washhands-1,,Yanghao,25_washhands,sa35,sa35,s a ³⁵,,Wang2015,,,^s a 35$,default
Yanghao-26_wing-1,,Yanghao,26_wing,ta53,ta53,t a ⁵³,,Wang2015,,,^t a 53$,default
Yanghao-27_charcoal-1,,Yanghao,27_charcoal,tʰɛ44,tʰɛ44,tʰ ɛ ⁴⁴,,Wang2015,,,^tʰ ɛ 44$,default
Yanghao-28_fire-1,,Yanghao,28_fire,tu11,tu11,t u ¹¹,,Wang2015,,,^t u 11$,default
Yanghao-29_die-1,,Yanghao,29_die,ta13,ta13,t a ¹³,,Wang2015,,,^t a 13$,default
Yanghao-30_long-1,,Yanghao,30_long,ta35,ta35,t a ³⁵,,Wang2015,,,^t a 35$,default
Yanghao-31_wearcap-1,,Yanghao,31_wearcap,tə44,tə44,t ə ⁴⁴,,Wang2015,,,^t ə 44$,default
Yanghao-32_this-1,,Yanghao,32_this,noŋ35,noŋ35,n o ŋ ³⁵,,Wang2015,,,^n o ŋ 35$,default
Yanghao-33_classifierbowl-1,,Yanghao,33_classifierbowl,lɛ33,lɛ33,l ɛ ³³,,Wang2015,,,^l ɛ 33$,default
Yanghao-34_crossriver-1,,Yanghao,34_crossriver,fa44,fa44,f a ⁴⁴,,Wang2015,,,^f a 44$,default
Yanghao-35_bird-1,,Yanghao,35_bird,nə13,nə13,n ə ¹³,,Wang2015,,,^n ə 13$,default
Yanghao-36_moon-1,,Yanghao,36_moon,l̥ʰa44,l̥ʰa44,l̥ʰ a ⁴⁴,,Wang2015,,,^l̥ʰ a 44$,default
Yanghao-37_tail-1,,Yanghao,37_tail,tɛ35,tɛ35,t ɛ ³⁵,,Wang2015,,,^t ɛ 35$,default
Yanghao-38_cucumber-1,,Yanghao,38_cucumber,fa33瓜,fa33瓜,f a ³³,,Wang2015,,,^f a 33 瓜$,default
Yanghao-39_chicken-1,,Yanghao,39_chicken,qei33,qei33,q ei ³³,,Wang2015,,,^q ei 33$,default
Yanghao-40_chopsticks-1,,Yanghao,40_chopsticks,ȶu13,ȶu13,ȶ u ¹³,,Wang2015,,,^ȶ u 13$,default
Yanghao-41_six-1,,Yanghao,41_six,ȶu44,ȶu44,ȶ u ⁴⁴,,Wang2015,,,^ȶ u 44$,default
Yanghao-42_laugh-1,,Yanghao,42_laugh,ȶə53,ȶə53,ȶ ə ⁵³,,Wang2015,,,^ȶ ə 53$,default
Yanghao-43_fat-1,,Yanghao,43_fat,ȶaŋ13,ȶaŋ13,ȶ a ŋ ¹³,,Wang2015,,,^ȶ a ŋ 13$,default
Yanghao-44_high-1,,Yanghao,44_high,xʰi33,xʰi33,xʰ i ³³,,Wang2015,,,^xʰ i 33$,default
Yanghao-45_new-1,,Yanghao,45_new,xʰi33,xʰi33,xʰ i ³³,,Wang2015,,,^xʰ i 33$,default
Yanghao-46_ash-1,,Yanghao,46_ash,ɕʰu35,ɕʰu35,ɕʰ u ³⁵,,Wang2015,,,^ɕʰ u 35$,default
Yanghao-47_blood-1,,Yanghao,47_blood,ɕʰaŋ35,ɕʰaŋ35,ɕʰ a ŋ ³⁵,,Wang2015,,,^ɕʰ a ŋ 35$,default
Yanghao-48_heavy-1,,Yanghao,48_heavy,ȵ̥ hoŋ35,ȵ̥_hoŋ35,ȵ̊ + h o ŋ ³⁵,,Wang2015,,,^ȵ̥ _ h o ŋ 35$,default
Yanghao-49_steal-1,,Yanghao,49_steal,ȵaŋ13,ȵaŋ13,ȵ a ŋ ¹³,,Wang2015,,,^ȵ a ŋ 13$,default
Yanghao-50_silver-1,,Yanghao,50_silver,ȵi55,ȵi55,ȵ i ⁵⁵,,Wang2015,,,^ȵ i 55$,default
Yanghao-51_eight-1,,Yanghao,51_eight,ʑa31,ʑa31,ʑ a ³¹,,Wang2015,,,^ʑ a 31$,default
Yanghao-52_nine-1,,Yanghao,52_nine,ʨə55,ʨə55,tɕ ə ⁵⁵,,Wang2015,,,^ʨ ə 55$,default
Yanghao-53_itchy-1,,Yanghao,53_itchy,ʨʰu44 T!,ʨʰu44_T!,tɕʰ u ⁴⁴,,Wang2015,,,^ʨʰ u 44 _T! $,default
Yanghao-54_ten-1,,Yanghao,54_ten,ʨu31,ʨu31,tɕ u ³¹,,Wang2015,,,^ʨ u 31$,default
Yanghao-55_mushroom-1,,Yanghao,55_mushroom,ʨi33,ʨi33,tɕ i ³³,,Wang2015,,,^ʨ i 33$,default
Yanghao-56_aunitofweight-1,,Yanghao,56_aunitofweight,ʨaŋ33,ʨaŋ33,tɕ a ŋ ³³,,Wang2015,,,^ʨ a ŋ 33$,default
Yanghao-57_worm-1,,Yanghao,57_worm,kaŋ33,kaŋ33,k a ŋ ³³,,Wang2015,,,^k a ŋ 33$,default
Yanghao-58_road-1,,Yanghao,58_road,ki35,ki35,k i ³⁵,,Wang2015,,,^k i 35$,default
Yanghao-59_buffalo-1,,Yanghao,59_buffalo,ȵen55,ȵen55,ȵ e n ⁵⁵,,Wang2015,,,^ȵ e n 55$,default
Yanghao-60_horn-1,,Yanghao,60_horn,ki33,ki33,k i ³³,,Wang2015,,,^k i 33$,default
Yanghao-61_vegetable-1,,Yanghao,61_vegetable,ɣu33,ɣu33,ɣ u ³³,,Wang2015,,,^ɣ u 33$,default
Yanghao-62_stone-1,,Yanghao,62_stone,ɣi33,ɣi33,ɣ i ³³,,Wang2015,,,^ɣ i 33$,default
Qibainong-1_hundred-1,,Qibainong,1_hundred,pi24(C),pi24(C),p i ²⁴,,Wang2015,,,^p i 24 (C) $,default
Qibainong-2_pain-1,,Qibainong,2_pain,ʔmoŋ31(A),ʔmoŋ31(A),ʔ m o ŋ ³¹,,Wang2015,,,^ʔ m o ŋ 31 (A) $,default
Qibainong-3_sell-1,,Qibainong,3_sell,ma24C),ma24C),m a ²⁴,,Wang2015,,,^m a 24 C) $,default
Qibainong-4_taro-1,,Qibainong,4_taro,wo24(C),wo24(C),w o ²⁴,,Wang2015,,,^w o 24 (C) $,default
Qibainong-5_sleep-1,,Qibainong,5_sleep,pu24(C),pu24(C),p u ²⁴,,Wang2015,,,^p u 24 (C) $,default
Qibainong-6_flower-1,,Qibainong,6_flower,ven31(A),ven31(A),v e n ³¹,,Wang2015,,,^v e n 31 (A) $,default
Qibainong-7_two-1,,Qibainong,7_two,u31(A),u31(A),u ³¹,,Wang2015,,,^u 31 (A) $,default
Qibainong-8_fruit-1,,Qibainong,8_fruit,pze55(B),pze55(B),p z e ⁵⁵,,Wang2015,,,^p z e 55 (B) $,default
Qibainong-9_three-1,,Qibainong,9_three,pzi31(A),pzi31(A),p z i ³¹,,Wang2015,,,^p z i 31 (A) $,default
Qibainong-10_full-1,,Qibainong,10_full,paŋ55(B),paŋ55(B),p a ŋ ⁵⁵,,Wang2015,,,^p a ŋ 55 (B) $,default
Qibainong-11_hand-1,,Qibainong,11_hand,wei55(B),wei55(B),w ei ⁵⁵,,Wang2015,,,^w ei 55 (B) $,default
Qibainong-12_snow-1,,Qibainong,12_snow,mʔpaŋ24(C),mʔpaŋ24(C),m ʔ p a ŋ ²⁴,,Wang2015,,,^m ʔ p a ŋ 24 (C) $,default
Qibainong-13_five-1,,Qibainong,13_five,pja31(A),pja31(A),p j a ³¹,,Wang2015,,,^p j a 31 (A) $,default
Qibainong-14_fish-1,,Qibainong,14_fish,mpji55(B),mpji55(B),m p j i ⁵⁵,,Wang2015,,,^m p j i 55 (B) $,default
Qibainong-15_bambooshoot-1,,Qibainong,15_bambooshoot,mpja24(C),mpja24(C),m p j a ²⁴,,Wang2015,,,^m p j a 24 (C) $,default
Qibainong-16_spicy-1,,Qibainong,16_spicy,mpja31(D),mpja31(D),m p j a ³¹,,Wang2015,,,^m p j a 31 (D) $,default
Qibainong-17_urine-1,,Qibainong,17_urine,wja55(B),wja55(B),w j a ⁵⁵,,Wang2015,,,^w j a 55 (B) $,default
Qibainong-18_four-1,,Qibainong,18_four,plou31(A),plou31(A),p l o u ³¹,,Wang2015,,,^p l o u 31 (A) $,default
Qibainong-19_drink-1,,Qibainong,19_drink,ho31(D),ho31(D),h o ³¹,,Wang2015,,,^h o 31 (D) $,default
Qibainong-20_tongue-1,,Qibainong,20_tongue,mple31(D),mple31(D),m p l e ³¹,,Wang2015,,,^m p l e 31 (D) $,default
Qibainong-21_hair-1,,Qibainong,21_hair,plou31(A),plou31(A),p l o u ³¹,,Wang2015,,,^p l o u 31 (A) $,default
Qibainong-22_sour-1,,Qibainong,22_sour,so31(A),so31(A),s o ³¹,,Wang2015,,,^s o 31 (A) $,default
Qibainong-23_lacquer-1,,Qibainong,23_lacquer,ʦʰe24(C) T!,ʦʰe24(C)_T!,tsʰ e ²⁴,,Wang2015,,,^ʦʰ e 24 (C) _T! $,default
Qibainong-24_bone-1,,Qibainong,24_bone,ʦʰoŋ 55(B),ʦʰoŋ_55(B),tsʰ o ŋ + ⁵⁵,,Wang2015,,,^ʦʰ o ŋ _ 55 (B) $,default
Qibainong-25_washhands-1,,Qibainong,25_washhands,ntsi55(B),ntsi55(B),n ts i ⁵⁵,,Wang2015,,,^n ts i 55 (B) $,default
Qibainong-26_wing-1,,Qibainong,26_wing,ta31(D),ta31(D),t a ³¹,,Wang2015,,,^t a 31 (D) $,default
Qibainong-27_charcoal-1,,Qibainong,27_charcoal,tʰaŋ24(C),tʰaŋ24(C),tʰ a ŋ ²⁴,,Wang2015,,,^tʰ a ŋ 24 (C) $,default
Qibainong-28_fire-1,,Qibainong,28_fire,ðo55(B),ðo55(B),ð o ⁵⁵,,Wang2015,,,^ð o 55 (B) $,default
Qibainong-29_die-1,,Qibainong,29_die,ða24(C),ða24(C),ð a ²⁴,,Wang2015,,,^ð a 24 (C) $,default
Qibainong-30_long-1,,Qibainong,30_long,nʔti55(B),nʔti55(B),n ʔ t i ⁵⁵,,Wang2015,,,^n ʔ t i 55 (B) $,default
Qibainong-31_wearcap-1,,Qibainong,31_wearcap,nʔtoŋ24(C),nʔtoŋ24(C),n ʔ t o ŋ ²⁴,,Wang2015,,,^n ʔ t o ŋ 24 (C) $,default
Qibainong-32_this-1,,Qibainong,32_this,ʔnoŋ55(B),ʔnoŋ55(B),ʔ n o ŋ ⁵⁵,,Wang2015,,,^ʔ n o ŋ 55 (B) $,default
Qibainong-33_classifierbowl-1,,Qibainong,33_classifierbowl,ʔlaŋ31(A),ʔlaŋ31(A),ʔ l a ŋ ³¹,,Wang2015,,,^ʔ l a ŋ 31 (A) $,default
Qibainong-34_crossriver-1,,Qibainong,34_crossriver,qwa24C),qwa24C),q w a ²⁴,,Wang2015,,,^qw a 24 C) $,default
Qibainong-35_bird-1,,Qibainong,35_bird,no24(C),no24(C),n o ²⁴,,Wang2015,,,^n o 24 (C) $,default
Qibainong-36_moon-1,,Qibainong,36_moon,l̥a24,l̥a24,l̥ a ²⁴,,Wang2015,,,^l̥ a 24$,default
Qibainong-37_tail-1,,Qibainong,37_tail,tu55(B),tu55(B),t u ⁵⁵,,Wang2015,,,^t u 55 (B) $,default
Qibainong-38_cucumber-1,,Qibainong,38_cucumber,qwa31(A),qwa31(A),q w a ³¹,,Wang2015,,,^qw a 31 (A) $,default
Qibainong-39_chicken-1,,Qibainong,39_chicken,qe31(A),qe31(A),q e ³¹,,Wang2015,,,^q e 31 (A) $,default
Qibainong-40_chopsticks-1,,Qibainong,40_chopsticks,ʐo24(C),ʐo24(C),ʐ o ²⁴,,Wang2015,,,^ʐ o 24 (C) $,default
Qibainong-41_six-1,,Qibainong,41_six,tʂo24(C),tʂo24(C),ʈʂ o ²⁴,,Wang2015,,,^tʂ o 24 (C) $,default
Qibainong-42_laugh-1,,Qibainong,42_laugh,tʂu31(D),tʂu31(D),ʈʂ u ³¹,,Wang2015,,,^tʂ u 31 (D) $,default
Qibainong-43_fat-1,,Qibainong,43_fat,ʐoŋ24(C),ʐoŋ24(C),ʐ o ŋ ²⁴,,Wang2015,,,^ʐ o ŋ 24 (C) $,default
Qibainong-44_high-1,,Qibainong,44_high,sen31(A),sen31(A),s e n ³¹,,Wang2015,,,^s e n 31 (A) $,default
Qibainong-45_new-1,,Qibainong,45_new,sen31(A) I! tsʰu55(B),sen31(A)_I!_tsʰu55(B),s e n ³¹ + tsʰ u ⁵⁵,,Wang2015,,,^s e n 31 (A) _I! _ tsʰ u 55 (B) $,default
Qibainong-47_blood-1,,Qibainong,47_blood,nʔʦʰen55(B),nʔʦʰen55(B),n ʔ tsʰ e n ⁵⁵,,Wang2015,,,^n ʔ ʦʰ e n 55 (B) $,default
Qibainong-48_heavy-1,,Qibainong,48_heavy,ȵ̥ oŋ55(B),ȵ̥_oŋ55(B),ȵ̊ + o ŋ ⁵⁵,,Wang2015,,,^ȵ̥ _ o ŋ 55 (B) $,default
Qibainong-49_steal-1,,Qibainong,49_steal,ȵen24(C),ȵen24(C),ȵ e n ²⁴,,Wang2015,,,^ȵ e n 24 (C) $,default
Qibainong-50_silver-1,,Qibainong,50_silver,ȵen31(A),ȵen31(A),ȵ e n ³¹,,Wang2015,,,^ȵ e n 31 (A) $,default
Qibainong-51_eight-1,,Qibainong,51_eight,ʑa31(D),ʑa31(D),ʑ a ³¹,,Wang2015,,,^ʑ a 31 (D) $,default
Qibainong-52_nine-1,,Qibainong,52_nine,ʑa31(A),ʑa31(A),ʑ a ³¹,,Wang2015,,,^ʑ a 31 (A) $,default
Qibainong-53_itchy-1,,Qibainong,53_itchy,kʰo31(D),kʰo31(D),kʰ o ³¹,,Wang2015,,,^kʰ o 31 (D) $,default
Qibainong-54_ten-1,,Qibainong,54_ten,ɣo31(D),ɣo31(D),ɣ o ³¹,,Wang2015,,,^ɣ o 31 (D) $,default
Qibainong-55_mushroom-1,,Qibainong,55_mushroom,ȵʔʨi31(A),ȵʔʨi31(A),ȵ ʔ tɕ i ³¹,,Wang2015,,,^ȵ ʔ ʨ i 31 (A) $,default
Qibainong-56_aunitofweight-1,,Qibainong,56_aunitofweight,ʨen31(A),ʨen31(A),tɕ e n ³¹,,Wang2015,,,^ʨ e n 31 (A) $,default
Qibainong-57_worm-1,,Qibainong,57_worm,ʨen31(A),ʨen31(A),tɕ e n ³¹,,Wang2015,,,^ʨ e n 31 (A) $,default
Qibainong-58_road-1,,Qibainong,58_road,ʨi55(B),ʨi55(B),tɕ i ⁵⁵,,Wang2015,,,^ʨ i 55 (B) $,default
Qibainong-59_buffalo-1,,Qibainong,59_buffalo,ȵen31(A),ȵen31(A),ȵ e n ³¹,,Wang2015,,,^ȵ e n 31 (A) $,default
Qibainong-60_horn-1,,Qibainong,60_horn,ka31(A),ka31(A),k a ³¹,,Wang2015,,,^k a 31 (A) $,default
Qibainong-61_vegetable-1,,Qibainong,61_vegetable,ʔwju31(A),ʔwju31(A),ˀw j u ³¹,,Wang2015,,,^ʔw j u 31 (A) $,default
Qibainong-62_stone-1,,Qibainong,62_stone,ʔwji31(A),ʔwji31(A),ˀw j i ³¹,,Wang2015,,,^ʔw j i 31 (A) $,default
Fuyuan-1_hundred-1,,Fuyuan,1_hundred,pai55,pai55,p ai ⁵⁵,,Wang2015,,,^p ai 55$,default
Fuyuan-2_pain-1,,Fuyuan,2_pain,muŋ33,muŋ33,m u ŋ ³³,,Wang2015,,,^m u ŋ 33$,default
Fuyuan-3_sell-1,,Fuyuan,3_sell,mɔŋ221,mɔŋ221,m ɔ ŋ ²²¹,,Wang2015,,,^m ɔ ŋ 221$,default
Fuyuan-4_taro-1,,Fuyuan,4_taro,vo221,vo221,v o ²²¹,,Wang2015,,,^v o 221$,default
Fuyuan-5_sleep-1,,Fuyuan,5_sleep,pau41,pau41,p au ⁴¹,,Wang2015,,,^p au 41$,default
Fuyuan-6_flower-1,,Fuyuan,6_flower,pen13,pen13,p e n ¹³,,Wang2015,,,^p e n 13$,default
Fuyuan-7_two-1,,Fuyuan,7_two,au33,au33,a u ³³,,Wang2015,,,^a u 33$,default
Fuyuan-8_fruit-1,,Fuyuan,8_fruit,pi43,pi43,p i ⁴³,,Wang2015,,,^p i 43$,default
Fuyuan-9_three-1,,Fuyuan,9_three,pe33,pe33,p e ³³,,Wang2015,,,^p e 33$,default
Fuyuan-10_full-1,,Fuyuan,10_full,puŋ43,puŋ43,p u ŋ ⁴³,,Wang2015,,,^p u ŋ 43$,default
Fuyuan-11_hand-1,,Fuyuan,11_hand,pe232,pe232,p e ²³²,,Wang2015,,,^p e 232$,default
Fuyuan-12_snow-1,,Fuyuan,12_snow,mpuŋ41,mpuŋ41,m p u ŋ ⁴¹,,Wang2015,,,^m p u ŋ 41$,default
Fuyuan-13_five-1,,Fuyuan,13_five,pjo33,pjo33,p j o ³³,,Wang2015,,,^p j o 33$,default
Fuyuan-14_fish-1,,Fuyuan,14_fish,mpje232,mpje232,m p j e ²³²,,Wang2015,,,^m p j e 232$,default
Fuyuan-15_bambooshoot-1,,Fuyuan,15_bambooshoot,mpjɔ221,mpjɔ221,m p j ɔ ²²¹,,Wang2015,,,^m p j ɔ 221$,default
Fuyuan-16_spicy-1,,Fuyuan,16_spicy,mpjo21,mpjo21,m p j o ²¹,,Wang2015,,,^m p j o 21$,default
Fuyuan-17_urine-1,,Fuyuan,17_urine,ɣo232,ɣo232,ɣ o ²³²,,Wang2015,,,^ɣ o 232$,default
Fuyuan-18_four-1,,Fuyuan,18_four,tɬa33,tɬa33,t ɬ a ³³,,Wang2015,,,^t ɬ a 33$,default
Fuyuan-19_drink-1,,Fuyuan,19_drink,hu32,hu32,h u ³²,,Wang2015,,,^h u 32$,default
Fuyuan-20_tongue-1,,Fuyuan,20_tongue,ntɬa21,ntɬa21,n t ɬ a ²¹,,Wang2015,,,^n t ɬ a 21$,default
Fuyuan-21_hair-1,,Fuyuan,21_hair,tɬa33,tɬa33,t ɬ a ³³,,Wang2015,,,^t ɬ a 33$,default
Fuyuan-22_sour-1,,Fuyuan,22_sour,sʰu33,sʰu33,sʰ u ³³,,Wang2015,,,^sʰ u 33$,default
Fuyuan-23_lacquer-1,,Fuyuan,23_lacquer,θʰa32,θʰa32,θʰ a ³²,,Wang2015,,,^θʰ a 32$,default
Fuyuan-24_bone-1,,Fuyuan,24_bone,θʰɔŋ54,θʰɔŋ54,θʰ ɔ ŋ ⁵⁴,,Wang2015,,,^θʰ ɔ ŋ 54$,default
Fuyuan-25_washhands-1,,Fuyuan,25_washhands,ntθai43,ntθai43,n t θ ai ⁴³,,Wang2015,,,^n t θ ai 43$,default
Fuyuan-26_wing-1,,Fuyuan,26_wing,to32,to32,t o ³²,,Wang2015,,,^t o 32$,default
Fuyuan-27_charcoal-1,,Fuyuan,27_charcoal,tʰo41,tʰo41,tʰ o ⁴¹,,Wang2015,,,^tʰ o 41$,default
Fuyuan-28_fire-1,,Fuyuan,28_fire,to454,to454,t o ⁴⁵⁴,,Wang2015,,,^t o 454$,default
Fuyuan-29_die-1,,Fuyuan,29_die,tɔ221,tɔ221,t ɔ ²²¹,,Wang2015,,,^t ɔ 221$,default
Fuyuan-30_long-1,,Fuyuan,30_long,nte43,nte43,n t e ⁴³,,Wang2015,,,^n t e 43$,default
Fuyuan-31_wearcap-1,,Fuyuan,31_wearcap,ntaŋ41,ntaŋ41,n t a ŋ ⁴¹,,Wang2015,,,^n t a ŋ 41$,default
Fuyuan-32_this-1,,Fuyuan,32_this,nɔŋ43,nɔŋ43,n ɔ ŋ ⁴³,,Wang2015,,,^n ɔ ŋ 43$,default
Fuyuan-33_classifierbowl-1,,Fuyuan,33_classifierbowl,luŋ33,luŋ33,l u ŋ ³³,,Wang2015,,,^l u ŋ 33$,default
Fuyuan-34_crossriver-1,,Fuyuan,34_crossriver,kwɔ41,kwɔ41,k w ɔ ⁴¹,,Wang2015,,,^kw ɔ 41$,default
Fuyuan-35_bird-1,,Fuyuan,35_bird,naŋ221,naŋ221,n a ŋ ²²¹,,Wang2015,,,^n a ŋ 221$,default
Fuyuan-36_moon-1,,Fuyuan,36_moon,ɬo41,ɬo41,ɬ o ⁴¹,,Wang2015,,,^ɬ o 41$,default
Fuyuan-37_tail-1,,Fuyuan,37_tail,tau53,tau53,t au ⁵³,,Wang2015,,,^t au 53$,default
Fuyuan-38_cucumber-1,,Fuyuan,38_cucumber,ko33,ko33,k o ³³,,Wang2015,,,^k o 33$,default
Fuyuan-39_chicken-1,,Fuyuan,39_chicken,ka33,ka33,k a ³³,,Wang2015,,,^k a 33$,default
Fuyuan-40_chopsticks-1,,Fuyuan,40_chopsticks,ʈu221,ʈu221,ʈ u ²²¹,,Wang2015,,,^ʈ u 221$,default
Fuyuan-41_six-1,,Fuyuan,41_six,ʈu41,ʈu41,ʈ u ⁴¹,,Wang2015,,,^ʈ u 41$,default
Fuyuan-42_laugh-1,,Fuyuan,42_laugh,ʈɔ32,ʈɔ32,ʈ ɔ ³²,,Wang2015,,,^ʈ ɔ 32$,default
Fuyuan-43_fat-1,,Fuyuan,43_fat,ʈi221,ʈi221,ʈ i ²²¹,,Wang2015,,,^ʈ i 221$,default
Fuyuan-44_high-1,,Fuyuan,44_high,hiŋ33,hiŋ33,h i ŋ ³³,,Wang2015,,,^h i ŋ 33$,default
Fuyuan-45_new-1,,Fuyuan,45_new,sʰiŋ33,sʰiŋ33,sʰ i ŋ ³³,,Wang2015,,,^sʰ i ŋ 33$,default
Fuyuan-46_ash-1,,Fuyuan,46_ash,sa43,sa43,s a ⁴³,,Wang2015,,,^s a 43$,default
Fuyuan-47_blood-1,,Fuyuan,47_blood,ntsʰəŋ43,ntsʰəŋ43,n tsʰ ə ŋ ⁴³,,Wang2015,,,^n tsʰ ə ŋ 43$,default
Fuyuan-48_heavy-1,,Fuyuan,48_heavy,ȵ̥ ɔŋ43,ȵ̥_ɔŋ43,ȵ̊ + ɔ ŋ ⁴³,,Wang2015,,,^ȵ̥ _ ɔ ŋ 43$,default
Fuyuan-49_steal-1,,Fuyuan,49_steal,ȵiŋ221,ȵiŋ221,ȵ i ŋ ²²¹,,Wang2015,,,^ȵ i ŋ 221$,default
Fuyuan-50_silver-1,,Fuyuan,50_silver,ȵiŋ13,ȵiŋ13,ȵ i ŋ ¹³,,Wang2015,,,^ȵ i ŋ 13$,default
Fuyuan-51_eight-1,,Fuyuan,51_eight,ʑo21,ʑo21,ʑ o ²¹,,Wang2015,,,^ʑ o 21$,default
Fuyuan-52_nine-1,,Fuyuan,52_nine,ʨo13 F!,ʨo13_F!,tɕ o ¹³,,Wang2015,,,^ʨ o 13 _F! $,default
Fuyuan-53_itchy-1,,Fuyuan,53_itchy,ʨʰ32,ʨʰ32,tɕʰ ³²,,Wang2015,,,^ʨʰ 32$,default
Fuyuan-54_ten-1,,Fuyuan,54_ten,ʨu21,ʨu21,tɕ u ²¹,,Wang2015,,,^ʨ u 21$,default
Fuyuan-55_mushroom-1,,Fuyuan,55_mushroom,ȵtɕe33,ȵtɕe33,ȵ tɕ e ³³,,Wang2015,,,^ȵ tɕ e 33$,default
Fuyuan-56_aunitofweight-1,,Fuyuan,56_aunitofweight,ken33,ken33,k e n ³³,,Wang2015,,,^k e n 33$,default
Fuyuan-57_worm-1,,Fuyuan,57_worm,kjəŋ33,kjəŋ33,k j ə ŋ ³³,,Wang2015,,,^k j ə ŋ 33$,default
Fuyuan-58_road-1,,Fuyuan,58_road,kje43,kje43,k j e ⁴³,,Wang2015,,,^k j e 43$,default
Fuyuan-59_buffalo-1,,Fuyuan,59_buffalo,ȵuŋ13,ȵuŋ13,ȵ u ŋ ¹³,,Wang2015,,,^ȵ u ŋ 13$,default
Fuyuan-60_horn-1,,Fuyuan,60_horn,kjuŋ33,kjuŋ33,k j u ŋ ³³,,Wang2015,,,^k j u ŋ 33$,default
Fuyuan-61_vegetable-1,,Fuyuan,61_vegetable,ɣa33,ɣa33,ɣ a ³³,,Wang2015,,,^ɣ a 33$,default
Fuyuan-62_stone-1,,Fuyuan,62_stone,ɣe33,ɣe33,ɣ e ³³,,Wang2015,,,^ɣ e 33$,default
Wenjie-1_hundred-1,,Wenjie,1_hundred,pe55,pe55,p e ⁵⁵,,Wang2015,,,^p e 55$,default
Wenjie-2_pain-1,,Wenjie,2_pain,ma35,ma35,m a ³⁵,,Wang2015,,,^m a 35$,default
Wenjie-3_sell-1,,Wenjie,3_sell,mɦɪ 4,mɦɪ_4,m ɦ ɪ + ⁴,,Wang2015,,,^m ɦ ɪ _ 4$,default
Wenjie-4_taro-1,,Wenjie,4_taro,vɦɔ44,vɦɔ44,v ɦ ɔ ⁴⁴,,Wang2015,,,^v ɦ ɔ 44$,default
Wenjie-5_sleep-1,,Wenjie,5_sleep,pɤ55,pɤ55,p ɤ ⁵⁵,,Wang2015,,,^p ɤ 55$,default
Wenjie-6_flower-1,,Wenjie,6_flower,pɦɤ33,pɦɤ33,p ɦ ɤ ³³,,Wang2015,,,^p ɦ ɤ 33$,default
Wenjie-7_two-1,,Wenjie,7_two,va35 I!,va35_I!,v a ³⁵,,Wang2015,,,^v a 35 _I! $,default
Wenjie-8_fruit-1,,Wenjie,8_fruit,pe31,pe31,p e ³¹,,Wang2015,,,^p e 31$,default
Wenjie-9_three-1,,Wenjie,9_three,pɤ35,pɤ35,p ɤ ³⁵,,Wang2015,,,^p ɤ 35$,default
Wenjie-10_full-1,,Wenjie,10_full,pɔ̃ 31,pɔ̃_31,p ɔ̃ + ³¹,,Wang2015,,,^p ɔ̃ _ 31$,default
Wenjie-11_hand-1,,Wenjie,11_hand,pɦʉ 42 F!,pɦʉ_42_F!,p ɦ ʉ + ⁴²,,Wang2015,,,^p ɦ ʉ _ 42 _F! $,default
Wenjie-12_snow-1,,Wenjie,12_snow,mɔ̃ 55 I!,mɔ̃_55_I!,m ɔ̃ + ⁵⁵,,Wang2015,,,^m ɔ̃ _ 55 _I! $,default
Wenjie-13_five-1,,Wenjie,13_five,pja35,pja35,p j a ³⁵,,Wang2015,,,^p j a 35$,default
Wenjie-14_fish-1,,Wenjie,14_fish,mpjo42,mpjo42,m p j o ⁴²,,Wang2015,,,^m p j o 42$,default
Wenjie-15_bambooshoot-1,,Wenjie,15_bambooshoot,mpɦɪ 44,mpɦɪ_44,m p ɦ ɪ + ⁴⁴,,Wang2015,,,^m p ɦ ɪ _ 44$,default
Wenjie-16_spicy-1,,Wenjie,16_spicy,mpɦɪ 42,mpɦɪ_42,m p ɦ ɪ + ⁴²,,Wang2015,,,^m p ɦ ɪ _ 42$,default
Wenjie-17_urine-1,,Wenjie,17_urine,vɦe42,vɦe42,v ɦ e ⁴²,,Wang2015,,,^v ɦ e 42$,default
Wenjie-18_four-1,,Wenjie,18_four,pi35,pi35,p i ³⁵,,Wang2015,,,^p i 35$,default
Wenjie-19_drink-1,,Wenjie,19_drink,hɔ53,hɔ53,h ɔ ⁵³,,Wang2015,,,^h ɔ 53$,default
Wenjie-20_tongue-1,,Wenjie,20_tongue,mpɦɪ42,mpɦɪ42,m p ɦ ɪ ⁴²,,Wang2015,,,^m p ɦ ɪ 42$,default
Wenjie-21_hair-1,,Wenjie,21_hair,pi35,pi35,p i ³⁵,,Wang2015,,,^p i 35$,default
Wenjie-22_sour-1,,Wenjie,22_sour,sʉ35,sʉ35,s ʉ ³⁵,,Wang2015,,,^s ʉ 35$,default
Wenjie-23_lacquer-1,,Wenjie,23_lacquer,sɤ53,sɤ53,s ɤ ⁵³,,Wang2015,,,^s ɤ 53$,default
Wenjie-24_bone-1,,Wenjie,24_bone,sõ31,sõ31,s õ ³¹,,Wang2015,,,^s õ 31$,default
Wenjie-25_washhands-1,,Wenjie,25_washhands,nte31 I!,nte31_I!,n t e ³¹,,Wang2015,,,^n t e 31 _I! $,default
Wenjie-26_wing-1,,Wenjie,26_wing,te53,te53,t e ⁵³,,Wang2015,,,^t e 53$,default
Wenjie-27_charcoal-1,,Wenjie,27_charcoal,tʰɛ̃55 F!,tʰɛ̃55_F!,tʰ ɛ̃ ⁵⁵,,Wang2015,,,^tʰ ɛ̃ 55 _F! $,default
Wenjie-28_fire-1,,Wenjie,28_fire,tɦɤ42,tɦɤ42,t ɦ ɤ ⁴²,,Wang2015,,,^t ɦ ɤ 42$,default
Wenjie-29_die-1,,Wenjie,29_die,tɦe44 F!,tɦe44_F!,t ɦ e ⁴⁴,,Wang2015,,,^t ɦ e 44 _F! $,default
Wenjie-30_long-1,,Wenjie,30_long,to31 I!,to31_I!,t o ³¹,,Wang2015,,,^t o 31 _I! $,default
Wenjie-31_wearcap-1,,Wenjie,31_wearcap,nɔ̃55 I!,nɔ̃55_I!,n ɔ̃ ⁵⁵,,Wang2015,,,^n ɔ̃ 55 _I! $,default
Wenjie-32_this-1,,Wenjie,32_this,ŋ31,ŋ31,ŋ ³¹,,Wang2015,,,^ŋ 31$,default
Wenjie-33_classifierbowl-1,,Wenjie,33_classifierbowl,lɔ̃35,lɔ̃35,l ɔ̃ ³⁵,,Wang2015,,,^l ɔ̃ 35$,default
Wenjie-34_crossriver-1,,Wenjie,34_crossriver,kwa55,kwa55,k w a ⁵⁵,,Wang2015,,,^kw a 55$,default
Wenjie-35_bird-1,,Wenjie,35_bird,mo44,mo44,m o ⁴⁴,,Wang2015,,,^m o 44$,default
Wenjie-36_moon-1,,Wenjie,36_moon,ɬo55,ɬo55,ɬ o ⁵⁵,,Wang2015,,,^ɬ o 55$,default
Wenjie-37_tail-1,,Wenjie,37_tail,tɤ31,tɤ31,t ɤ ³¹,,Wang2015,,,^t ɤ 31$,default
Wenjie-38_cucumber-1,,Wenjie,38_cucumber,qwa35,qwa35,q w a ³⁵,,Wang2015,,,^qw a 35$,default
Wenjie-39_chicken-1,,Wenjie,39_chicken,qɛ35,qɛ35,q ɛ ³⁵,,Wang2015,,,^q ɛ 35$,default
Wenjie-40_chopsticks-1,,Wenjie,40_chopsticks,ʨɦɔ44,ʨɦɔ44,tɕ ɦ ɔ ⁴⁴,,Wang2015,,,^ʨ ɦ ɔ 44$,default
Wenjie-41_six-1,,Wenjie,41_six,ʨʉ55,ʨʉ55,tɕ ʉ ⁵⁵,,Wang2015,,,^ʨ ʉ 55$,default
Wenjie-42_laugh-1,,Wenjie,42_laugh,tɕa53,tɕa53,tɕ a ⁵³,,Wang2015,,,^tɕ a 53$,default
Wenjie-43_fat-1,,Wenjie,43_fat,ʨɦõ44,ʨɦõ44,tɕ ɦ õ ⁴⁴,,Wang2015,,,^ʨ ɦ õ 44$,default
Wenjie-44_high-1,,Wenjie,44_high,hɪ̃35,hɪ̃35,h ɪ̃ ³⁵,,Wang2015,,,^h ɪ̃ 35$,default
Wenjie-45_new-1,,Wenjie,45_new,seŋ35,seŋ35,s e ŋ ³⁵,,Wang2015,,,^s e ŋ 35$,default
Wenjie-46_ash-1,,Wenjie,46_ash,ɕe31,ɕe31,ɕ e ³¹,,Wang2015,,,^ɕ e 31$,default
Wenjie-47_blood-1,,Wenjie,47_blood,ȵʨe31,ȵʨe31,ȵ tɕ e ³¹,,Wang2015,,,^ȵ ʨ e 31$,default
Wenjie-48_heavy-1,,Wenjie,48_heavy,ȵ̥ a31,ȵ̥_a31,ȵ̊ + a ³¹,,Wang2015,,,^ȵ̥ _ a 31$,default
Wenjie-49_steal-1,,Wenjie,49_steal,ȵɦi44,ȵɦi44,ȵ ɦ i ⁴⁴,,Wang2015,,,^ȵ ɦ i 44$,default
Wenjie-50_silver-1,,Wenjie,50_silver,ŋ33,ŋ33,ŋ ³³,,Wang2015,,,^ŋ 33$,default
Wenjie-51_eight-1,,Wenjie,51_eight,jɦi42,jɦi42,j ɦ i ⁴²,,Wang2015,,,^j ɦ i 42$,default
Wenjie-52_nine-1,,Wenjie,52_nine,kɦo33,kɦo33,k ɦ o ³³,,Wang2015,,,^k ɦ o 33$,default
Wenjie-53_itchy-1,,Wenjie,53_itchy,ŋkʉ53 I!,ŋkʉ53_I!,ŋ k ʉ ⁵³,,Wang2015,,,^ŋ k ʉ 53 _I! $,default
Wenjie-54_ten-1,,Wenjie,54_ten,kɦʉ42,kɦʉ42,k ɦ ʉ ⁴²,,Wang2015,,,^k ɦ ʉ 42$,default
Wenjie-55_mushroom-1,,Wenjie,55_mushroom,Nqo35 I!,Nqo35_I!,ⁿq o ³⁵,,Wang2015,,,^Nq o 35 _I! $,default
Wenjie-56_aunitofweight-1,,Wenjie,56_aunitofweight,kõ35,kõ35,k õ ³⁵,,Wang2015,,,^k õ 35$,default
Wenjie-57_worm-1,,Wenjie,57_worm,qɣ35,qɣ35,q ɣ ³⁵,,Wang2015,,,^q ɣ 35$,default
Wenjie-58_road-1,,Wenjie,58_road,qo31,qo31,q o ³¹,,Wang2015,,,^q o 31$,default
Wenjie-59_buffalo-1,,Wenjie,59_buffalo,ŋɦ33,ŋɦ33,ŋ ɦ ³³,,Wang2015,,,^ŋ ɦ 33$,default
Wenjie-60_horn-1,,Wenjie,60_horn,qɔ̃35,qɔ̃35,q ɔ̃ ³⁵,,Wang2015,,,^q ɔ̃ 35$,default
Wenjie-61_vegetable-1,,Wenjie,61_vegetable,i35,i35,i ³⁵,,Wang2015,,,^i 35$,default
Wenjie-62_stone-1,,Wenjie,62_stone,jo35,jo35,j o ³⁵,,Wang2015,,,^j o 35$,default
Changdong-1_hundred-1,,Changdong,1_hundred,pa35,pa35,p a ³⁵,,Wang2015,,,^p a 35$,default
Changdong-2_pain-1,,Changdong,2_pain,mɐŋ44,mɐŋ44,m ɐ ŋ ⁴⁴,,Wang2015,,,^m ɐ ŋ 44$,default
Changdong-3_sell-1,,Changdong,3_sell,mɔ31(4) T!,mɔ31(4)_T!,m ɔ ³¹,,Wang2015,,,^m ɔ 31 (4) _T! $,default
Changdong-4_taro-1,,Changdong,4_taro,vau22,vau22,v au ²²,,Wang2015,,,^v au 22$,default
Changdong-5_sleep-1,,Changdong,5_sleep,pau35,pau35,p au ³⁵,,Wang2015,,,^p au 35$,default
Changdong-6_flower-1,,Changdong,6_flower,pen33,pen33,p e n ³³,,Wang2015,,,^p e n 33$,default
Changdong-7_two-1,,Changdong,7_two,u44,u44,u ⁴⁴,,Wang2015,,,^u 44$,default
Changdong-8_fruit-1,,Changdong,8_fruit,pi53,pi53,p i ⁵³,,Wang2015,,,^p i 53$,default
Changdong-9_three-1,,Changdong,9_three,pa44,pa44,p a ⁴⁴,,Wang2015,,,^p a 44$,default
Changdong-10_full-1,,Changdong,10_full,paŋ53,paŋ53,p a ŋ ⁵³,,Wang2015,,,^p a ŋ 53$,default
Changdong-11_hand-1,,Changdong,11_hand,ʧa31,ʧa31,tʃ a ³¹,,Wang2015,,,^ʧ a 31$,default
Changdong-12_snow-1,,Changdong,12_snow,mpaŋ35,mpaŋ35,m p a ŋ ³⁵,,Wang2015,,,^m p a ŋ 35$,default
Changdong-13_five-1,,Changdong,13_five,pui44 F!,pui44_F!,p u i ⁴⁴,,Wang2015,,,^p u i 44 _F! $,default
Changdong-14_fish-1,,Changdong,14_fish,mpja31,mpja31,m p j a ³¹,,Wang2015,,,^m p j a 31$,default
Changdong-15_bambooshoot-1,,Changdong,15_bambooshoot,mpja22,mpja22,m p j a ²²,,Wang2015,,,^m p j a 22$,default
Changdong-16_spicy-1,,Changdong,16_spicy,mpwai32 I!,mpwai32_I!,m p w ai ³²,,Wang2015,,,^m pw ai 32 _I! $,default
Changdong-17_urine-1,,Changdong,17_urine,ŋkwe31,ŋkwe31,ŋ k w e ³¹,,Wang2015,,,^ŋ kw e 31$,default
Changdong-18_four-1,,Changdong,18_four,ple44,ple44,p l e ⁴⁴,,Wang2015,,,^p l e 44$,default
Changdong-19_drink-1,,Changdong,19_drink,xɔ43喝,xɔ43喝,x ɔ ⁴³,,Wang2015,,,^x ɔ 43 喝$,default
Changdong-20_tongue-1,,Changdong,20_tongue,mpli32,mpli32,m p l i ³²,,Wang2015,,,^m p l i 32$,default
Changdong-21_hair-1,,Changdong,21_hair,ple44,ple44,p l e ⁴⁴,,Wang2015,,,^p l e 44$,default
Changdong-22_sour-1,,Changdong,22_sour,θjɔ44,θjɔ44,θ j ɔ ⁴⁴,,Wang2015,,,^θ j ɔ 44$,default
Changdong-23_lacquer-1,,Changdong,23_lacquer,ʃi43,ʃi43,ʃ i ⁴³,,Wang2015,,,^ʃ i 43$,default
Changdong-24_bone-1,,Changdong,24_bone,θɐŋ53,θɐŋ53,θ ɐ ŋ ⁵³,,Wang2015,,,^θ ɐ ŋ 53$,default
Changdong-25_washhands-1,,Changdong,25_washhands,ɳtʃei53,ɳtʃei53,ɳ tʃ ei ⁵³,,Wang2015,,,^ɳ tʃ ei 53$,default
Changdong-26_wing-1,,Changdong,26_wing,ðe43,ðe43,ð e ⁴³,,Wang2015,,,^ð e 43$,default
Changdong-27_charcoal-1,,Changdong,27_charcoal,tʰɔu53(3) F! T!,tʰɔu53(3)_F!_T!,tʰ ɔu ⁵³,,Wang2015,,,^tʰ ɔu 53 (3) _F! _T! $,default
Changdong-28_fire-1,,Changdong,28_fire,tau31,tau31,t au ³¹,,Wang2015,,,^t au 31$,default
Changdong-29_die-1,,Changdong,29_die,ta22,ta22,t a ²²,,Wang2015,,,^t a 22$,default
Changdong-30_long-1,,Changdong,30_long,ða53 I!,ða53_I!,ð a ⁵³,,Wang2015,,,^ð a 53 _I! $,default
Changdong-31_wearcap-1,,Changdong,31_wearcap,ntwaŋ35 I!,ntwaŋ35_I!,n t w a ŋ ³⁵,,Wang2015,,,^n tw a ŋ 35 _I! $,default
Changdong-32_this-1,,Changdong,32_this,ne53,ne53,n e ⁵³,,Wang2015,,,^n e 53$,default
Changdong-33_classifierbowl-1,,Changdong,33_classifierbowl,xoŋ44 I!,xoŋ44_I!,x o ŋ ⁴⁴,,Wang2015,,,^x o ŋ 44 _I! $,default
Changdong-34_crossriver-1,,Changdong,34_crossriver,kwa35,kwa35,k w a ³⁵,,Wang2015,,,^kw a 35$,default
Changdong-35_bird-1,,Changdong,35_bird,nwaŋ22 I!,nwaŋ22_I!,n w a ŋ ²²,,Wang2015,,,^nw a ŋ 22 _I! $,default
Changdong-36_moon-1,,Changdong,36_moon,l̥e35,l̥e35,l̥ e ³⁵,,Wang2015,,,^l̥ e 35$,default
Changdong-37_tail-1,,Changdong,37_tail,ðau53,ðau53,ð au ⁵³,,Wang2015,,,^ð au 53$,default
Changdong-38_cucumber-1,,Changdong,38_cucumber,kwe44,kwe44,k w e ⁴⁴,,Wang2015,,,^kw e 44$,default
Changdong-39_chicken-1,,Changdong,39_chicken,kai44,kai44,k ai ⁴⁴,,Wang2015,,,^k ai 44$,default
Changdong-40_chopsticks-1,,Changdong,40_chopsticks,ʃau22,ʃau22,ʃ au ²²,,Wang2015,,,^ʃ au 22$,default
Changdong-41_six-1,,Changdong,41_six,tʃɔ35,tʃɔ35,tʃ ɔ ³⁵,,Wang2015,,,^tʃ ɔ 35$,default
Changdong-42_laugh-1,,Changdong,42_laugh,tsu43 I!,tsu43_I!,ts u ⁴³,,Wang2015,,,^ts u 43 _I! $,default
Changdong-43_fat-1,,Changdong,43_fat,ʃoŋ22,ʃoŋ22,ʃ o ŋ ²²,,Wang2015,,,^ʃ o ŋ 22$,default
Changdong-44_high-1,,Changdong,44_high,ŋkʰeŋ343,ŋkʰeŋ343,ŋ kʰ e ŋ ³⁴³,,Wang2015,,,^ŋ kʰ e ŋ 343$,default
Changdong-45_new-1,,Changdong,45_new,ŋkʰeŋ343 I! θe53,ŋkʰeŋ343_I!_θe53,ŋ kʰ e ŋ ³⁴³ + θ e ⁵³,,Wang2015,,,^ŋ kʰ e ŋ 343 _I! _ θ e 53$,default
Changdong-47_blood-1,,Changdong,47_blood,θi53 I!,θi53_I!,θ i ⁵³,,Wang2015,,,^θ i 53 _I! $,default
Changdong-48_heavy-1,,Changdong,48_heavy,ȵ̥ e53 F!,ȵ̥_e53_F!,ȵ̊ + e ⁵³,,Wang2015,,,^ȵ̥ _ e 53 _F! $,default
Changdong-49_steal-1,,Changdong,49_steal,ȵiŋ22,ȵiŋ22,ȵ i ŋ ²²,,Wang2015,,,^ȵ i ŋ 22$,default
Changdong-50_silver-1,,Changdong,50_silver,ȵiŋ33,ȵiŋ33,ȵ i ŋ ³³,,Wang2015,,,^ȵ i ŋ 33$,default
Changdong-51_eight-1,,Changdong,51_eight,je32,je32,j e ³²,,Wang2015,,,^j e 32$,default
Changdong-52_nine-1,,Changdong,52_nine,ʧu33,ʧu33,tʃ u ³³,,Wang2015,,,^ʧ u 33$,default
Changdong-53_itchy-1,,Changdong,53_itchy,ʃɔ43,ʃɔ43,ʃ ɔ ⁴³,,Wang2015,,,^ʃ ɔ 43$,default
Changdong-54_ten-1,,Changdong,54_ten,ʧɔ32,ʧɔ32,tʃ ɔ ³²,,Wang2015,,,^ʧ ɔ 32$,default
Changdong-55_mushroom-1,,Changdong,55_mushroom,ɳʧa44,ɳʧa44,ɳ tʃ a ⁴⁴,,Wang2015,,,^ɳ ʧ a 44$,default
Changdong-56_aunitofweight-1,,Changdong,56_aunitofweight,ʧoŋ44,ʧoŋ44,tʃ o ŋ ⁴⁴,,Wang2015,,,^ʧ o ŋ 44$,default
Changdong-57_worm-1,,Changdong,57_worm,kjen44,kjen44,k j e n ⁴⁴,,Wang2015,,,^k j e n 44$,default
Changdong-58_road-1,,Changdong,58_road,kja53,kja53,k j a ⁵³,,Wang2015,,,^k j a 53$,default
Changdong-59_buffalo-1,,Changdong,59_buffalo,ȵɔ33,ȵɔ33,ȵ ɔ ³³,,Wang2015,,,^ȵ ɔ 33$,default
Changdong-60_horn-1,,Changdong,60_horn,kjaŋ44,kjaŋ44,k j a ŋ ⁴⁴,,Wang2015,,,^k j a ŋ 44$,default
Changdong-61_vegetable-1,,Changdong,61_vegetable,ji44 I!,ji44_I!,j i ⁴⁴,,Wang2015,,,^j i 44 _I! $,default
Changdong-62_stone-1,,Changdong,62_stone,ŋkja44,ŋkja44,ŋ k j a ⁴⁴,,Wang2015,,,^ŋ k j a 44$,default
Duozhu-1_hundred-1,,Duozhu,1_hundred,pa31,pa31,p a ³¹,,Wang2015,,,^p a 31$,default
Duozhu-2_pain-1,,Duozhu,2_pain,ŋ22,ŋ22,ŋ ²²,,Wang2015,,,^ŋ 22$,default
Duozhu-3_sell-1,,Duozhu,3_sell,mɔ42,mɔ42,m ɔ ⁴²,,Wang2015,,,^m ɔ 42$,default
Duozhu-4_taro-1,,Duozhu,4_taro,vu42 F!,vu42_F!,v u ⁴²,,Wang2015,,,^v u 42 _F! $,default
Duozhu-5_sleep-1,,Duozhu,5_sleep,pɔ31,pɔ31,p ɔ ³¹,,Wang2015,,,^p ɔ 31$,default
Duozhu-6_flower-1,,Duozhu,6_flower,pʰun53,pʰun53,pʰ u n ⁵³,,Wang2015,,,^pʰ u n 53$,default
Duozhu-7_two-1,,Duozhu,7_two,u22,u22,u ²²,,Wang2015,,,^u 22$,default
Duozhu-8_fruit-1,,Duozhu,8_fruit,pji33,pji33,p j i ³³,,Wang2015,,,^p j i 33$,default
Duozhu-9_three-1,,Duozhu,9_three,pa22,pa22,p a ²²,,Wang2015,,,^p a 22$,default
Duozhu-10_full-1,,Duozhu,10_full,paŋ33,paŋ33,p a ŋ ³³,,Wang2015,,,^p a ŋ 33$,default
Duozhu-11_hand-1,,Duozhu,11_hand,kʰwa42,kʰwa42,kʰ w a ⁴²,,Wang2015,,,^kʰw a 42$,default
Duozhu-12_snow-1,,Duozhu,12_snow,paŋ31,paŋ31,p a ŋ ³¹,,Wang2015,,,^p a ŋ 31$,default
Duozhu-13_five-1,,Duozhu,13_five,pi22 F!,pi22_F!,p i ²²,,Wang2015,,,^p i 22 _F! $,default
Duozhu-14_fish-1,,Duozhu,14_fish,pja42,pja42,p j a ⁴²,,Wang2015,,,^p j a 42$,default
Duozhu-15_bambooshoot-1,,Duozhu,15_bambooshoot,pja42,pja42,p j a ⁴²,,Wang2015,,,^p j a 42$,default
Duozhu-16_spicy-1,,Duozhu,16_spicy,pi35 I!,pi35_I!,p i ³⁵,,Wang2015,,,^p i 35 _I! $,default
Duozhu-17_urine-1,,Duozhu,17_urine,zi42,zi42,z i ⁴²,,Wang2015,,,^z i 42$,default
Duozhu-18_four-1,,Duozhu,18_four,pi35(7) T!,pi35(7)_T!,p i ³⁵,,Wang2015,,,^p i 35 (7) _T! $,default
Duozhu-19_drink-1,,Duozhu,19_drink,hɔ35喝,hɔ35喝,h ɔ ³⁵,,Wang2015,,,^h ɔ 35 喝$,default
Duozhu-20_tongue-1,,Duozhu,20_tongue,pi35,pi35,p i ³⁵,,Wang2015,,,^p i 35$,default
Duozhu-21_hair-1,,Duozhu,21_hair,pi22,pi22,p i ²²,,Wang2015,,,^p i 22$,default
Duozhu-22_sour-1,,Duozhu,22_sour,sɔ22,sɔ22,s ɔ ²²,,Wang2015,,,^s ɔ 22$,default
Duozhu-23_lacquer-1,,Duozhu,23_lacquer,ʦʰe35,ʦʰe35,tsʰ e ³⁵,,Wang2015,,,^ʦʰ e 35$,default
Duozhu-24_bone-1,,Duozhu,24_bone,suŋ33,suŋ33,s u ŋ ³³,,Wang2015,,,^s u ŋ 33$,default
Duozhu-25_washhands-1,,Duozhu,25_washhands,tsji33,tsji33,ts j i ³³,,Wang2015,,,^ts j i 33$,default
Duozhu-26_wing-1,,Duozhu,26_wing,te35,te35,t e ³⁵,,Wang2015,,,^t e 35$,default
Duozhu-27_charcoal-1,,Duozhu,27_charcoal,tʰan31,tʰan31,tʰ a n ³¹,,Wang2015,,,^tʰ a n 31$,default
Duozhu-28_fire-1,,Duozhu,28_fire,tʰɔ42,tʰɔ42,tʰ ɔ ⁴²,,Wang2015,,,^tʰ ɔ 42$,default
Duozhu-29_die-1,,Duozhu,29_die,tʰa42,tʰa42,tʰ a ⁴²,,Wang2015,,,^tʰ a 42$,default
Duozhu-30_long-1,,Duozhu,30_long,ta33,ta33,t a ³³,,Wang2015,,,^t a 33$,default
Duozhu-31_wearcap-1,,Duozhu,31_wearcap,tɔŋ31,tɔŋ31,t ɔ ŋ ³¹,,Wang2015,,,^t ɔ ŋ 31$,default
Duozhu-32_this-1,,Duozhu,32_this,ne33,ne33,n e ³³,,Wang2015,,,^n e 33$,default
Duozhu-33_classifierbowl-1,,Duozhu,33_classifierbowl,naŋ22,naŋ22,n a ŋ ²²,,Wang2015,,,^n a ŋ 22$,default
Duozhu-34_crossriver-1,,Duozhu,34_crossriver,kwa31,kwa31,k w a ³¹,,Wang2015,,,^kw a 31$,default
Duozhu-35_bird-1,,Duozhu,35_bird,nɔ42,nɔ42,n ɔ ⁴²,,Wang2015,,,^n ɔ 42$,default
Duozhu-36_moon-1,,Duozhu,36_moon,ne31,ne31,n e ³¹,,Wang2015,,,^n e 31$,default
Duozhu-37_tail-1,,Duozhu,37_tail,tɔ33,tɔ33,t ɔ ³³,,Wang2015,,,^t ɔ 33$,default
Duozhu-38_cucumber-1,,Duozhu,38_cucumber,kwei22 F!,kwei22_F!,k w ei ²²,,Wang2015,,,^kw ei 22 _F! $,default
Duozhu-39_chicken-1,,Duozhu,39_chicken,kwei22,kwei22,k w ei ²²,,Wang2015,,,^kw ei 22$,default
Duozhu-40_chopsticks-1,,Duozhu,40_chopsticks,kʰɤ42,kʰɤ42,kʰ ɤ ⁴²,,Wang2015,,,^kʰ ɤ 42$,default
Duozhu-41_six-1,,Duozhu,41_six,kɔ31,kɔ31,k ɔ ³¹,,Wang2015,,,^k ɔ 31$,default
Duozhu-42_laugh-1,,Duozhu,42_laugh,kɤ35,kɤ35,k ɤ ³⁵,,Wang2015,,,^k ɤ 35$,default
Duozhu-43_fat-1,,Duozhu,43_fat,kʰuŋ42,kʰuŋ42,kʰ u ŋ ⁴²,,Wang2015,,,^kʰ u ŋ 42$,default
Duozhu-44_high-1,,Duozhu,44_high,hin22,hin22,h i n ²²,,Wang2015,,,^h i n 22$,default
Duozhu-45_new-1,,Duozhu,45_new,hin22 I!,hin22_I!,h i n ²²,,Wang2015,,,^h i n 22 _I! $,default
Duozhu-46_ash-1,,Duozhu,46_ash,si33,si33,s i ³³,,Wang2015,,,^s i 33$,default
Duozhu-47_blood-1,,Duozhu,47_blood,sji33,sji33,s j i ³³,,Wang2015,,,^s j i 33$,default
Duozhu-48_heavy-1,,Duozhu,48_heavy,ŋji33,ŋji33,ŋ j i ³³,,Wang2015,,,^ŋ j i 33$,default
Duozhu-49_steal-1,,Duozhu,49_steal,ŋin42,ŋin42,ŋ i n ⁴²,,Wang2015,,,^ŋ i n 42$,default
Duozhu-50_silver-1,,Duozhu,50_silver,ŋin53,ŋin53,ŋ i n ⁵³,,Wang2015,,,^ŋ i n 53$,default
Duozhu-51_eight-1,,Duozhu,51_eight,zi35,zi35,z i ³⁵,,Wang2015,,,^z i 35$,default
Duozhu-52_nine-1,,Duozhu,52_nine,kʰju53,kʰju53,kʰ j u ⁵³,,Wang2015,,,^kʰ j u 53$,default
Duozhu-53_itchy-1,,Duozhu,53_itchy,kʰji31 T!,kʰji31_T!,kʰ j i ³¹,,Wang2015,,,^kʰ j i 31 _T! $,default
Duozhu-54_ten-1,,Duozhu,54_ten,kʰjɔ35,kʰjɔ35,kʰ j ɔ ³⁵,,Wang2015,,,^kʰ j ɔ 35$,default
Duozhu-55_mushroom-1,,Duozhu,55_mushroom,kja22,kja22,k j a ²²,,Wang2015,,,^k j a 22$,default
Duozhu-56_aunitofweight-1,,Duozhu,56_aunitofweight,kjuŋ22,kjuŋ22,k j u ŋ ²²,,Wang2015,,,^k j u ŋ 22$,default
Duozhu-57_worm-1,,Duozhu,57_worm,kin22,kin22,k i n ²²,,Wang2015,,,^k i n 22$,default
Duozhu-58_road-1,,Duozhu,58_road,ka33,ka33,k a ³³,,Wang2015,,,^k a 33$,default
Duozhu-59_buffalo-1,,Duozhu,59_buffalo,ŋjɔ33,ŋjɔ33,ŋ j ɔ ³³,,Wang2015,,,^ŋ j ɔ 33$,default
Duozhu-60_horn-1,,Duozhu,60_horn,kaŋ22,kaŋ22,k a ŋ ²²,,Wang2015,,,^k a ŋ 22$,default
Duozhu-61_vegetable-1,,Duozhu,61_vegetable,zi22 I!,zi22_I!,z i ²²,,Wang2015,,,^z i 22 _I! $,default
Duozhu-62_stone-1,,Duozhu,62_stone,ŋa22,ŋa22,ŋ a ²²,,Wang2015,,,^ŋ a 22$,default
Luoxiang-1_hundred-1,,Luoxiang,1_hundred,pɛ43(7),pɛ43(7),p ɛ ⁴³,,Wang2015,,,^p ɛ 43 (7) $,default
Luoxiang-2_pain-1,,Luoxiang,2_pain,mun33,mun33,m u n ³³,,Wang2015,,,^m u n 33$,default
Luoxiang-3_sell-1,,Luoxiang,3_sell,ma:i11,ma:i11,m aː i ¹¹,,Wang2015,,,^m a: i 11$,default
Luoxiang-4_taro-1,,Luoxiang,4_taro,hou11,hou11,h o u ¹¹,,Wang2015,,,^h o u 11$,default
Luoxiang-5_sleep-1,,Luoxiang,5_sleep,pwei55(5’)6,pwei55(5’)6,p w ei ⁵⁵,,Wang2015,,,^pw ei 55 (5’)6$,default
Luoxiang-6_flower-1,,Luoxiang,6_flower,pwaŋ31,pwaŋ31,p w a ŋ ³¹,,Wang2015,,,^pw a ŋ 31$,default
Luoxiang-7_two-1,,Luoxiang,7_two,vi33 I!,vi33_I!,v i ³³,,Wang2015,,,^v i 33 _I! $,default
Luoxiang-8_fruit-1,,Luoxiang,8_fruit,pjeu53,pjeu53,p j eu ⁵³,,Wang2015,,,^p j eu 53$,default
Luoxiang-9_three-1,,Luoxiang,9_three,pu33,pu33,p u ³³,,Wang2015,,,^p u 33$,default
Luoxiang-10_full-1,,Luoxiang,10_full,pwəŋ53,pwəŋ53,p w ə ŋ ⁵³,,Wang2015,,,^pw ə ŋ 53$,default
Luoxiang-12_snow-1,,Luoxiang,12_snow,pu213,pu213,p u ²¹³,,Wang2015,,,^p u 213$,default
Luoxiang-13_five-1,,Luoxiang,13_five,pla33,pla33,p l a ³³,,Wang2015,,,^p l a 33$,default
Luoxiang-14_fish-1,,Luoxiang,14_fish,bjau213,bjau213,b j au ²¹³,,Wang2015,,,^b j au 213$,default
Luoxiang-15_bambooshoot-1,,Luoxiang,15_bambooshoot,bje11 F!,bje11_F!,b j e ¹¹,,Wang2015,,,^b j e 11 _F! $,default
Luoxiang-16_spicy-1,,Luoxiang,16_spicy,bla:t32 I!,bla:t32_I!,b l aː t ³²,,Wang2015,,,^b l a: t 32 _I! $,default
Luoxiang-17_urine-1,,Luoxiang,17_urine,wa213,wa213,w a ²¹³,,Wang2015,,,^w a 213$,default
Luoxiang-18_four-1,,Luoxiang,18_four,pje33,pje33,p j e ³³,,Wang2015,,,^p j e 33$,default
Luoxiang-19_drink-1,,Luoxiang,19_drink,hop43喝,hop43喝,h o p ⁴³,,Wang2015,,,^h o p 43 喝$,default
Luoxiang-20_tongue-1,,Luoxiang,20_tongue,bjet32,bjet32,b j e t ³²,,Wang2015,,,^b j e t 32$,default
Luoxiang-21_hair-1,,Luoxiang,21_hair,pje33,pje33,p j e ³³,,Wang2015,,,^p j e 33$,default
Luoxiang-22_sour-1,,Luoxiang,22_sour,ɕui33,ɕui33,ɕ u i ³³,,Wang2015,,,^ɕ u i 33$,default
Luoxiang-23_lacquer-1,,Luoxiang,23_lacquer,θjet43,θjet43,θ j e t ⁴³,,Wang2015,,,^θ j e t 43$,default
Luoxiang-24_bone-1,,Luoxiang,24_bone,θuŋ 3,θuŋ_3,θ u ŋ + ³,,Wang2015,,,^θ u ŋ _ 3$,default
Luoxiang-25_washhands-1,,Luoxiang,25_washhands,da:u55,da:u55,d aː u ⁵⁵,,Wang2015,,,^d a: u 55$,default
Luoxiang-26_wing-1,,Luoxiang,26_wing,da:t43,da:t43,d aː t ⁴³,,Wang2015,,,^d a: t 43$,default
Luoxiang-27_charcoal-1,,Luoxiang,27_charcoal,tʰa:n35,tʰa:n35,tʰ aː n ³⁵,,Wang2015,,,^tʰ a: n 35$,default
Luoxiang-28_fire-1,,Luoxiang,28_fire,tou213,tou213,t o u ²¹³,,Wang2015,,,^t o u 213$,default
Luoxiang-29_die-1,,Luoxiang,29_die,tai11,tai11,t ai ¹¹,,Wang2015,,,^t ai 11$,default
Luoxiang-30_long-1,,Luoxiang,30_long,da:u53,da:u53,d aː u ⁵³,,Wang2015,,,^d a: u 53$,default
Luoxiang-31_wearcap-1,,Luoxiang,31_wearcap,doŋ55,doŋ55,d o ŋ ⁵⁵,,Wang2015,,,^d o ŋ 55$,default
Luoxiang-32_this-1,,Luoxiang,32_this,nei53,nei53,n ei ⁵³,,Wang2015,,,^n ei 53$,default
Luoxiang-33_classifierbowl-1,,Luoxiang,33_classifierbowl,nɔm33,nɔm33,n ɔ m ³³,,Wang2015,,,^n ɔ m 33$,default
Luoxiang-34_crossriver-1,,Luoxiang,34_crossriver,kwɔi55,kwɔi55,k w ɔi ⁵⁵,,Wang2015,,,^kw ɔi 55$,default
Luoxiang-35_bird-1,,Luoxiang,35_bird,nu32,nu32,n u ³²,,Wang2015,,,^n u 32$,default
Luoxiang-36_moon-1,,Luoxiang,36_moon,la35 I!,la35_I!,l a ³⁵,,Wang2015,,,^l a 35 _I! $,default
Luoxiang-37_tail-1,,Luoxiang,37_tail,twei53,twei53,t w ei ⁵³,,Wang2015,,,^tw ei 53$,default
Luoxiang-38_cucumber-1,,Luoxiang,38_cucumber,kwa33,kwa33,k w a ³³,,Wang2015,,,^kw a 33$,default
Luoxiang-39_chicken-1,,Luoxiang,39_chicken,ʨai33,ʨai33,tɕ ai ³³,,Wang2015,,,^ʨ ai 33$,default
Luoxiang-40_chopsticks-1,,Luoxiang,40_chopsticks,ʨou11,ʨou11,tɕ o u ¹¹,,Wang2015,,,^ʨ o u 11$,default
Luoxiang-41_six-1,,Luoxiang,41_six,kwo43 I!,kwo43_I!,k w o ⁴³,,Wang2015,,,^kw o 43 _I! $,default
Luoxiang-42_laugh-1,,Luoxiang,42_laugh,kjat54,kjat54,k j a t ⁵⁴,,Wang2015,,,^k j a t 54$,default
Luoxiang-43_fat-1,,Luoxiang,43_fat,kun11,kun11,k u n ¹¹,,Wang2015,,,^k u n 11$,default
Luoxiang-44_high-1,,Luoxiang,44_high,ɡaŋ33,ɡaŋ33,g a ŋ ³³,,Wang2015,,,^ɡ a ŋ 33$,default
Luoxiang-45_new-1,,Luoxiang,45_new,ɕaŋ31 T!,ɕaŋ31_T!,ɕ a ŋ ³¹,,Wang2015,,,^ɕ a ŋ 31 _T! $,default
Luoxiang-46_ash-1,,Luoxiang,46_ash,ɕwai53,ɕwai53,ɕ w ai ⁵³,,Wang2015,,,^ɕw ai 53$,default
Luoxiang-47_blood-1,,Luoxiang,47_blood,ɕam53 I! F!,ɕam53_I!_F!,ɕ a m ⁵³,,Wang2015,,,^ɕ a m 53 _I! _F! $,default
Luoxiang-48_heavy-1,,Luoxiang,48_heavy,ȵ̥ i53,ȵ̥_i53,ȵ̊ + i ⁵³,,Wang2015,,,^ȵ̥ _ i 53$,default
Luoxiang-49_steal-1,,Luoxiang,49_steal,nim11,nim11,n i m ¹¹,,Wang2015,,,^n i m 11$,default
Luoxiang-50_silver-1,,Luoxiang,50_silver,ȵwan31,ȵwan31,ȵ w a n ³¹,,Wang2015,,,^ȵw a n 31$,default
Luoxiang-51_eight-1,,Luoxiang,51_eight,jat32,jat32,j a t ³²,,Wang2015,,,^j a t 32$,default
Luoxiang-52_nine-1,,Luoxiang,52_nine,du31,du31,d u ³¹,,Wang2015,,,^d u 31$,default
Luoxiang-53_itchy-1,,Luoxiang,53_itchy,ɕet43,ɕet43,ɕ e t ⁴³,,Wang2015,,,^ɕ e t 43$,default
Luoxiang-54_ten-1,,Luoxiang,54_ten,ɕep32,ɕep32,ɕ e p ³²,,Wang2015,,,^ɕ e p 32$,default
Luoxiang-55_mushroom-1,,Luoxiang,55_mushroom,ʨəu33,ʨəu33,tɕ əu ³³,,Wang2015,,,^ʨ əu 33$,default
Luoxiang-56_aunitofweight-1,,Luoxiang,56_aunitofweight,ʨwan33,ʨwan33,tɕ w a n ³³,,Wang2015,,,^ʨw a n 33$,default
Luoxiang-57_worm-1,,Luoxiang,57_worm,kɛŋ33,kɛŋ33,k ɛ ŋ ³³,,Wang2015,,,^k ɛ ŋ 33$,default
Luoxiang-58_road-1,,Luoxiang,58_road,kjau53,kjau53,k j au ⁵³,,Wang2015,,,^k j au 53$,default
Luoxiang-59_buffalo-1,,Luoxiang,59_buffalo,ŋoŋ31,ŋoŋ31,ŋ o ŋ ³¹,,Wang2015,,,^ŋ o ŋ 31$,default
Luoxiang-60_horn-1,,Luoxiang,60_horn,kɔŋ33,kɔŋ33,k ɔ ŋ ³³,,Wang2015,,,^k ɔ ŋ 33$,default
Luoxiang-61_vegetable-1,,Luoxiang,61_vegetable,ɡai33,ɡai33,g ai ³³,,Wang2015,,,^ɡ ai 33$,default
Luoxiang-62_stone-1,,Luoxiang,62_stone,ɡau33,ɡau33,g au ³³,,Wang2015,,,^ɡ au 33$,default
Liangzi-1_hundred-1,,Liangzi,1_hundred,pe24(7a),pe24(7a),p e ²⁴,,Wang2015,,,^p e 24 (7a) $,default
Liangzi-2_pain-1,,Liangzi,2_pain,mun35,mun35,m u n ³⁵,,Wang2015,,,^m u n 35$,default
Liangzi-3_sell-1,,Liangzi,3_sell,ma:i22,ma:i22,m aː i ²²,,Wang2015,,,^m a: i 22$,default
Liangzi-4_taro-1,,Liangzi,4_taro,hou22,hou22,h o u ²²,,Wang2015,,,^h o u 22$,default
Liangzi-5_sleep-1,,Liangzi,5_sleep,fei44,fei44,f ei ⁴⁴,,Wang2015,,,^f ei 44$,default
Liangzi-6_flower-1,,Liangzi,6_flower,faŋ33,faŋ33,f a ŋ ³³,,Wang2015,,,^f a ŋ 33$,default
Liangzi-7_two-1,,Liangzi,7_two,i35,i35,i ³⁵,,Wang2015,,,^i 35$,default
Liangzi-8_fruit-1,,Liangzi,8_fruit,pjou545,pjou545,p j o u ⁵⁴⁵,,Wang2015,,,^p j o u 545$,default
Liangzi-9_three-1,,Liangzi,9_three,po35,po35,p o ³⁵,,Wang2015,,,^p o 35$,default
Liangzi-10_full-1,,Liangzi,10_full,pɔŋ545,pɔŋ545,p ɔ ŋ ⁵⁴⁵,,Wang2015,,,^p ɔ ŋ 545$,default
Liangzi-12_snow-1,,Liangzi,12_snow,pu32,pu32,p u ³²,,Wang2015,,,^p u 32$,default
Liangzi-13_five-1,,Liangzi,13_five,pja35,pja35,p j a ³⁵,,Wang2015,,,^p j a 35$,default
Liangzi-14_fish-1,,Liangzi,14_fish,bjau32,bjau32,b j au ³²,,Wang2015,,,^b j au 32$,default
Liangzi-15_bambooshoot-1,,Liangzi,15_bambooshoot,bjei22,bjei22,b j ei ²²,,Wang2015,,,^b j ei 22$,default
Liangzi-16_spicy-1,,Liangzi,16_spicy,bja:t42,bja:t42,b j aː t ⁴²,,Wang2015,,,^b j a: t 42$,default
Liangzi-17_urine-1,,Liangzi,17_urine,va22,va22,v a ²²,,Wang2015,,,^v a 22$,default
Liangzi-18_four-1,,Liangzi,18_four,pjei35,pjei35,p j ei ³⁵,,Wang2015,,,^p j ei 35$,default
Liangzi-19_drink-1,,Liangzi,19_drink,hɔp32喝,hɔp32喝,h ɔ p ³²,,Wang2015,,,^h ɔ p 32 喝$,default
Liangzi-20_tongue-1,,Liangzi,20_tongue,bjet21,bjet21,b j e t ²¹,,Wang2015,,,^b j e t 21$,default
Liangzi-21_hair-1,,Liangzi,21_hair,pjei35,pjei35,p j ei ³⁵,,Wang2015,,,^p j ei 35$,default
Liangzi-22_sour-1,,Liangzi,22_sour,tθui31,tθui31,t θ u i ³¹,,Wang2015,,,^t θ u i 31$,default
Liangzi-23_lacquer-1,,Liangzi,23_lacquer,tjet32,tjet32,t j e t ³²,,Wang2015,,,^t j e t 32$,default
Liangzi-24_bone-1,,Liangzi,24_bone,tθuŋ545,tθuŋ545,t θ u ŋ ⁵⁴⁵,,Wang2015,,,^t θ u ŋ 545$,default
Liangzi-25_washhands-1,,Liangzi,25_washhands,da:u44,da:u44,d aː u ⁴⁴,,Wang2015,,,^d a: u 44$,default
Liangzi-26_wing-1,,Liangzi,26_wing,da:t24,da:t24,d aː t ²⁴,,Wang2015,,,^d a: t 24$,default
Liangzi-27_charcoal-1,,Liangzi,27_charcoal,tan21 F!,tan21_F!,t a n ²¹,,Wang2015,,,^t a n 21 _F! $,default
Liangzi-28_fire-1,,Liangzi,28_fire,tou32,tou32,t o u ³²,,Wang2015,,,^t o u 32$,default
Liangzi-29_die-1,,Liangzi,29_die,tai22,tai22,t ai ²²,,Wang2015,,,^t ai 22$,default
Liangzi-30_long-1,,Liangzi,30_long,da:u545,da:u545,d aː u ⁵⁴⁵,,Wang2015,,,^d a: u 545$,default
Liangzi-31_wearcap-1,,Liangzi,31_wearcap,dɔŋ44,dɔŋ44,d ɔ ŋ ⁴⁴,,Wang2015,,,^d ɔ ŋ 44$,default
Liangzi-32_this-1,,Liangzi,32_this,nei53,nei53,n ei ⁵³,,Wang2015,,,^n ei 53$,default
Liangzi-33_classifierbowl-1,,Liangzi,33_classifierbowl,nɔm35,nɔm35,n ɔ m ³⁵,,Wang2015,,,^n ɔ m 35$,default
Liangzi-34_crossriver-1,,Liangzi,34_crossriver,kui44,kui44,k u i ⁴⁴,,Wang2015,,,^k u i 44$,default
Liangzi-35_bird-1,,Liangzi,35_bird,nɔ22,nɔ22,n ɔ ²²,,Wang2015,,,^n ɔ 22$,default
Liangzi-36_moon-1,,Liangzi,36_moon,la21,la21,l a ²¹,,Wang2015,,,^l a 21$,default
Liangzi-37_tail-1,,Liangzi,37_tail,tei545,tei545,t ei ⁵⁴⁵,,Wang2015,,,^t ei 545$,default
Liangzi-38_cucumber-1,,Liangzi,38_cucumber,kwa35,kwa35,k w a ³⁵,,Wang2015,,,^kw a 35$,default
Liangzi-39_chicken-1,,Liangzi,39_chicken,ȶai35,ȶai35,ȶ ai ³⁵,,Wang2015,,,^ȶ ai 35$,default
Liangzi-40_chopsticks-1,,Liangzi,40_chopsticks,ȶou22,ȶou22,ȶ o u ²²,,Wang2015,,,^ȶ o u 22$,default
Liangzi-41_six-1,,Liangzi,41_six,kjɔ24,kjɔ24,k j ɔ ²⁴,,Wang2015,,,^k j ɔ 24$,default
Liangzi-42_laugh-1,,Liangzi,42_laugh,kjet54,kjet54,k j e t ⁵⁴,,Wang2015,,,^k j e t 54$,default
Liangzi-43_fat-1,,Liangzi,43_fat,kun22,kun22,k u n ²²,,Wang2015,,,^k u n 22$,default
Liangzi-44_high-1,,Liangzi,44_high,ɡjaŋ31,ɡjaŋ31,g j a ŋ ³¹,,Wang2015,,,^ɡ j a ŋ 31$,default
Liangzi-45_new-1,,Liangzi,45_new,saŋ31,saŋ31,s a ŋ ³¹,,Wang2015,,,^s a ŋ 31$,default
Liangzi-46_ash-1,,Liangzi,46_ash,sai545,sai545,s ai ⁵⁴⁵,,Wang2015,,,^s ai 545$,default
Liangzi-47_blood-1,,Liangzi,47_blood,sa:m545 I!,sa:m545_I!,s aː m ⁵⁴⁵,,Wang2015,,,^s a: m 545 _I! $,default
Liangzi-48_heavy-1,,Liangzi,48_heavy,ni545,ni545,n i ⁵⁴⁵,,Wang2015,,,^n i 545$,default
Liangzi-49_steal-1,,Liangzi,49_steal,nim22,nim22,n i m ²²,,Wang2015,,,^n i m 22$,default
Liangzi-50_silver-1,,Liangzi,50_silver,ȵa:n33,ȵa:n33,ȵ aː n ³³,,Wang2015,,,^ȵ a: n 33$,default
Liangzi-51_eight-1,,Liangzi,51_eight,jet21,jet21,j e t ²¹,,Wang2015,,,^j e t 21$,default
Liangzi-52_nine-1,,Liangzi,52_nine,du33,du33,d u ³³,,Wang2015,,,^d u 33$,default
Liangzi-53_itchy-1,,Liangzi,53_itchy,set32,set32,s e t ³²,,Wang2015,,,^s e t 32$,default
Liangzi-54_ten-1,,Liangzi,54_ten,sap21,sap21,s a p ²¹,,Wang2015,,,^s a p 21$,default
Liangzi-55_mushroom-1,,Liangzi,55_mushroom,sou35,sou35,s o u ³⁵,,Wang2015,,,^s o u 35$,default
Liangzi-56_aunitofweight-1,,Liangzi,56_aunitofweight,san35,san35,s a n ³⁵,,Wang2015,,,^s a n 35$,default
Liangzi-57_worm-1,,Liangzi,57_worm,kjeŋ35,kjeŋ35,k j e ŋ ³⁵,,Wang2015,,,^k j e ŋ 35$,default
Liangzi-58_road-1,,Liangzi,58_road,kjau545,kjau545,k j au ⁵⁴⁵,,Wang2015,,,^k j au 545$,default
Liangzi-59_buffalo-1,,Liangzi,59_buffalo,ŋɔŋ33,ŋɔŋ33,ŋ ɔ ŋ ³³,,Wang2015,,,^ŋ ɔ ŋ 33$,default
Liangzi-60_horn-1,,Liangzi,60_horn,kjɔŋ35,kjɔŋ35,k j ɔ ŋ ³⁵,,Wang2015,,,^k j ɔ ŋ 35$,default
Liangzi-61_vegetable-1,,Liangzi,61_vegetable,ɡjai35,ɡjai35,g j ai ³⁵,,Wang2015,,,^ɡ j ai 35$,default
Liangzi-62_stone-1,,Liangzi,62_stone,ɡjau35,ɡjau35,g j au ³⁵,,Wang2015,,,^ɡ j au 35$,default
Sanjiang-1_hundred-1,,Sanjiang,1_hundred,ba35(7),ba35(7),b a ³⁵,,Wang2015,,,^b a 35 (7) $,default
Sanjiang-2_pain-1,,Sanjiang,2_pain,mun33,mun33,m u n ³³,,Wang2015,,,^m u n 33$,default
Sanjiang-3_sell-1,,Sanjiang,3_sell,mai12,mai12,m ai ¹²,,Wang2015,,,^m ai 12$,default
Sanjiang-4_taro-1,,Sanjiang,4_taro,heu12,heu12,h eu ¹²,,Wang2015,,,^h eu 12$,default
Sanjiang-5_sleep-1,,Sanjiang,5_sleep,bi44 F!,bi44_F!,b i ⁴⁴,,Wang2015,,,^b i 44 _F! $,default
Sanjiang-6_flower-1,,Sanjiang,6_flower,buŋ55,buŋ55,b u ŋ ⁵⁵,,Wang2015,,,^b u ŋ 55$,default
Sanjiang-7_two-1,,Sanjiang,7_two,vi33 I!,vi33_I!,v i ³³,,Wang2015,,,^v i 33 _I! $,default
Sanjiang-8_fruit-1,,Sanjiang,8_fruit,bjɔu35,bjɔu35,b j ɔu ³⁵,,Wang2015,,,^b j ɔu 35$,default
Sanjiang-9_three-1,,Sanjiang,9_three,bɔu33,bɔu33,b ɔu ³³,,Wang2015,,,^b ɔu 33$,default
Sanjiang-10_full-1,,Sanjiang,10_full,baŋ35 F!,baŋ35_F!,b a ŋ ³⁵,,Wang2015,,,^b a ŋ 35 _F! $,default
Sanjiang-12_snow-1,,Sanjiang,12_snow,pɔu21,pɔu21,p ɔu ²¹,,Wang2015,,,^p ɔu 21$,default
Sanjiang-13_five-1,,Sanjiang,13_five,pla33 F!,pla33_F!,p l a ³³,,Wang2015,,,^p l a 33 _F! $,default
Sanjiang-14_fish-1,,Sanjiang,14_fish,plɔu21,plɔu21,p l ɔu ²¹,,Wang2015,,,^p l ɔu 21$,default
Sanjiang-15_bambooshoot-1,,Sanjiang,15_bambooshoot,plai12,plai12,p l ai ¹²,,Wang2015,,,^p l ai 12$,default
Sanjiang-16_spicy-1,,Sanjiang,16_spicy,plæ22,plæ22,p l æ ²²,,Wang2015,,,^p l æ 22$,default
Sanjiang-17_urine-1,,Sanjiang,17_urine,fu21,fu21,f u ²¹,,Wang2015,,,^f u 21$,default
Sanjiang-18_four-1,,Sanjiang,18_four,pli33,pli33,p l i ³³,,Wang2015,,,^p l i 33$,default
Sanjiang-19_drink-1,,Sanjiang,19_drink,hə35喝,hə35喝,h ə ³⁵,,Wang2015,,,^h ə 35 喝$,default
Sanjiang-20_tongue-1,,Sanjiang,20_tongue,pjɛ22,pjɛ22,p j ɛ ²²,,Wang2015,,,^p j ɛ 22$,default
Sanjiang-21_hair-1,,Sanjiang,21_hair,pli33,pli33,p l i ³³,,Wang2015,,,^p l i 33$,default
Sanjiang-22_sour-1,,Sanjiang,22_sour,ɕi33,ɕi33,ɕ i ³³,,Wang2015,,,^ɕ i 33$,default
Sanjiang-23_lacquer-1,,Sanjiang,23_lacquer,ʦæ35 I!,ʦæ35_I!,ts æ ³⁵,,Wang2015,,,^ʦ æ 35 _I! $,default
Sanjiang-24_bone-1,,Sanjiang,24_bone,sjɔŋ35,sjɔŋ35,s j ɔ ŋ ³⁵,,Wang2015,,,^s j ɔ ŋ 35$,default
Sanjiang-25_washhands-1,,Sanjiang,25_washhands,tsɔ35,tsɔ35,ts ɔ ³⁵,,Wang2015,,,^ts ɔ 35$,default
Sanjiang-26_wing-1,,Sanjiang,26_wing,tæ33(1) T!,tæ33(1)_T!,t æ ³³,,Wang2015,,,^t æ 33 (1) _T! $,default
Sanjiang-27_charcoal-1,,Sanjiang,27_charcoal,tʰən44,tʰən44,tʰ ə n ⁴⁴,,Wang2015,,,^tʰ ə n 44$,default
Sanjiang-28_fire-1,,Sanjiang,28_fire,teu21,teu21,t eu ²¹,,Wang2015,,,^t eu 21$,default
Sanjiang-29_die-1,,Sanjiang,29_die,tai12,tai12,t ai ¹²,,Wang2015,,,^t ai 12$,default
Sanjiang-30_long-1,,Sanjiang,30_long,dɔu35,dɔu35,d ɔu ³⁵,,Wang2015,,,^d ɔu 35$,default
Sanjiang-31_wearcap-1,,Sanjiang,31_wearcap,tɔŋ44,tɔŋ44,t ɔ ŋ ⁴⁴,,Wang2015,,,^t ɔ ŋ 44$,default
Sanjiang-32_this-1,,Sanjiang,32_this,ŋ35,ŋ35,ŋ ³⁵,,Wang2015,,,^ŋ 35$,default
Sanjiang-33_classifierbowl-1,,Sanjiang,33_classifierbowl,nɔ33,nɔ33,n ɔ ³³,,Wang2015,,,^n ɔ 33$,default
Sanjiang-34_crossriver-1,,Sanjiang,34_crossriver,kwei44,kwei44,k w ei ⁴⁴,,Wang2015,,,^kw ei 44$,default
Sanjiang-35_bird-1,,Sanjiang,35_bird,nɔ22,nɔ22,n ɔ ²²,,Wang2015,,,^n ɔ 22$,default
Sanjiang-36_moon-1,,Sanjiang,36_moon,lu44,lu44,l u ⁴⁴,,Wang2015,,,^l u 44$,default
Sanjiang-37_tail-1,,Sanjiang,37_tail,de35,de35,d e ³⁵,,Wang2015,,,^d e 35$,default
Sanjiang-38_cucumber-1,,Sanjiang,38_cucumber,kwa33 F!,kwa33_F!,k w a ³³,,Wang2015,,,^kw a 33 _F! $,default
Sanjiang-39_chicken-1,,Sanjiang,39_chicken,kai33,kai33,k ai ³³,,Wang2015,,,^k ai 33$,default
Sanjiang-40_chopsticks-1,,Sanjiang,40_chopsticks,ʦeu13,ʦeu13,ts eu ¹³,,Wang2015,,,^ʦ eu 13$,default
Sanjiang-41_six-1,,Sanjiang,41_six,klɔ35,klɔ35,k l ɔ ³⁵,,Wang2015,,,^k l ɔ 35$,default
Sanjiang-42_laugh-1,,Sanjiang,42_laugh,klæ35,klæ35,k l æ ³⁵,,Wang2015,,,^k l æ 35$,default
Sanjiang-43_fat-1,,Sanjiang,43_fat,klun12,klun12,k l u n ¹²,,Wang2015,,,^k l u n 12$,default
Sanjiang-44_high-1,,Sanjiang,44_high,laŋ33,laŋ33,l a ŋ ³³,,Wang2015,,,^l a ŋ 33$,default
Sanjiang-45_new-1,,Sanjiang,45_new,ɕaŋ33,ɕaŋ33,ɕ a ŋ ³³,,Wang2015,,,^ɕ a ŋ 33$,default
Sanjiang-46_ash-1,,Sanjiang,46_ash,ɕi35,ɕi35,ɕ i ³⁵,,Wang2015,,,^ɕ i 35$,default
Sanjiang-47_blood-1,,Sanjiang,47_blood,ʨʰan35,ʨʰan35,tɕʰ a n ³⁵,,Wang2015,,,^ʨʰ a n 35$,default
Sanjiang-48_heavy-1,,Sanjiang,48_heavy,ŋe35,ŋe35,ŋ e ³⁵,,Wang2015,,,^ŋ e 35$,default
Sanjiang-49_steal-1,,Sanjiang,49_steal,niŋ12,niŋ12,n i ŋ ¹²,,Wang2015,,,^n i ŋ 12$,default
Sanjiang-50_silver-1,,Sanjiang,50_silver,ȵun55,ȵun55,ȵ u n ⁵⁵,,Wang2015,,,^ȵ u n 55$,default
Sanjiang-51_eight-1,,Sanjiang,51_eight,jæ22,jæ22,j æ ²²,,Wang2015,,,^j æ 22$,default
Sanjiang-52_nine-1,,Sanjiang,52_nine,ʨu35,ʨu35,tɕ u ³⁵,,Wang2015,,,^ʨ u 35$,default
Sanjiang-53_itchy-1,,Sanjiang,53_itchy,ʨɛ35,ʨɛ35,tɕ ɛ ³⁵,,Wang2015,,,^ʨ ɛ 35$,default
Sanjiang-54_ten-1,,Sanjiang,54_ten,ʨæ22,ʨæ22,tɕ æ ²²,,Wang2015,,,^ʨ æ 22$,default
Sanjiang-55_mushroom-1,,Sanjiang,55_mushroom,ʨɔu33,ʨɔu33,tɕ ɔu ³³,,Wang2015,,,^ʨ ɔu 33$,default
Sanjiang-56_aunitofweight-1,,Sanjiang,56_aunitofweight,ʨwən33,ʨwən33,tɕ w ə n ³³,,Wang2015,,,^ʨw ə n 33$,default
Sanjiang-57_worm-1,,Sanjiang,57_worm,klaŋ33,klaŋ33,k l a ŋ ³³,,Wang2015,,,^k l a ŋ 33$,default
Sanjiang-58_road-1,,Sanjiang,58_road,klɔu35,klɔu35,k l ɔu ³⁵,,Wang2015,,,^k l ɔu 35$,default
Sanjiang-59_buffalo-1,,Sanjiang,59_buffalo,ŋɔŋ55,ŋɔŋ55,ŋ ɔ ŋ ⁵⁵,,Wang2015,,,^ŋ ɔ ŋ 55$,default
Sanjiang-60_horn-1,,Sanjiang,60_horn,kloŋ33,kloŋ33,k l o ŋ ³³,,Wang2015,,,^k l o ŋ 33$,default
Sanjiang-61_vegetable-1,,Sanjiang,61_vegetable,lai33,lai33,l ai ³³,,Wang2015,,,^l ai 33$,default
Sanjiang-62_stone-1,,Sanjiang,62_stone,lɔu33,lɔu33,l ɔu ³³,,Wang2015,,,^l ɔu 33$,default
Daping-1_hundred-1,,Daping,1_hundred,ba44(7),ba44(7),b a ⁴⁴,,Wang2015,,,^b a 44 (7) $,default
Daping-2_pain-1,,Daping,2_pain,man44 F!,man44_F!,m a n ⁴⁴,,Wang2015,,,^m a n 44 _F! $,default
Daping-3_sell-1,,Daping,3_sell,mai22,mai22,m ai ²²,,Wang2015,,,^m ai 22$,default
Daping-4_taro-1,,Daping,4_taro,vu22,vu22,v u ²²,,Wang2015,,,^v u 22$,default
Daping-5_sleep-1,,Daping,5_sleep,bui42,bui42,b u i ⁴²,,Wang2015,,,^b u i 42$,default
Daping-6_flower-1,,Daping,6_flower,pjaŋ53,pjaŋ53,p j a ŋ ⁵³,,Wang2015,,,^p j a ŋ 53$,default
Daping-7_two-1,,Daping,7_two,vi42 I! T!,vi42_I!_T!,v i ⁴²,,Wang2015,,,^v i 42 _I! _T! $,default
Daping-8_fruit-1,,Daping,8_fruit,bɛu24,bɛu24,b ɛu ²⁴,,Wang2015,,,^b ɛu 24$,default
Daping-9_three-1,,Daping,9_three,bu42(5) T!,bu42(5)_T!,b u ⁴²,,Wang2015,,,^b u 42 (5) _T! $,default
Daping-10_full-1,,Daping,10_full,baŋ24 F!,baŋ24_F!,b a ŋ ²⁴,,Wang2015,,,^b a ŋ 24 _F! $,default
Daping-12_snow-1,,Daping,12_snow,pu44,pu44,p u ⁴⁴,,Wang2015,,,^p u 44$,default
Daping-13_five-1,,Daping,13_five,pjɛ42(5) F!T!,pjɛ42(5)_F!T!,p j ɛ ⁴²,,Wang2015,,,^p j ɛ 42 (5) _F!T! $,default
Daping-14_fish-1,,Daping,14_fish,bju44,bju44,b j u ⁴⁴,,Wang2015,,,^b j u 44$,default
Daping-15_bambooshoot-1,,Daping,15_bambooshoot,bɛi22 I!,bɛi22_I!,b ɛi ²²,,Wang2015,,,^b ɛi 22 _I! $,default
Daping-16_spicy-1,,Daping,16_spicy,bjɛt22,bjɛt22,b j ɛ t ²²,,Wang2015,,,^b j ɛ t 22$,default
Daping-17_urine-1,,Daping,17_urine,vjɛ44,vjɛ44,v j ɛ ⁴⁴,,Wang2015,,,^v j ɛ 44$,default
Daping-18_four-1,,Daping,18_four,pɛi42(5) T!,pɛi42(5)_T!,p ɛi ⁴²,,Wang2015,,,^p ɛi 42 (5) _T! $,default
Daping-19_drink-1,,Daping,19_drink,hup44喝,hup44喝,h u p ⁴⁴,,Wang2015,,,^h u p 44 喝$,default
Daping-20_tongue-1,,Daping,20_tongue,bɛt22 I!,bɛt22_I!,b ɛ t ²²,,Wang2015,,,^b ɛ t 22 _I! $,default
Daping-21_hair-1,,Daping,21_hair,pɛi44,pɛi44,p ɛi ⁴⁴,,Wang2015,,,^p ɛi 44$,default
Daping-22_sour-1,,Daping,22_sour,si44,si44,s i ⁴⁴,,Wang2015,,,^s i 44$,default
Daping-23_lacquer-1,,Daping,23_lacquer,tat44 I!,tat44_I!,t a t ⁴⁴,,Wang2015,,,^t a t 44 _I! $,default
Daping-24_bone-1,,Daping,24_bone,hiŋ24,hiŋ24,h i ŋ ²⁴,,Wang2015,,,^h i ŋ 24$,default
Daping-25_washhands-1,,Daping,25_washhands,dɔu24,dɔu24,d ɔu ²⁴,,Wang2015,,,^d ɔu 24$,default
Daping-26_wing-1,,Daping,26_wing,dɔt44,dɔt44,d ɔ t ⁴⁴,,Wang2015,,,^d ɔ t 44$,default
Daping-27_charcoal-1,,Daping,27_charcoal,tan24(3) T!,tan24(3)_T!,t a n ²⁴,,Wang2015,,,^t a n 24 (3) _T! $,default
Daping-28_fire-1,,Daping,28_fire,tu44,tu44,t u ⁴⁴,,Wang2015,,,^t u 44$,default
Daping-29_die-1,,Daping,29_die,tai22,tai22,t ai ²²,,Wang2015,,,^t ai 22$,default
Daping-30_long-1,,Daping,30_long,du24,du24,d u ²⁴,,Wang2015,,,^d u 24$,default
Daping-31_wearcap-1,,Daping,31_wearcap,dɔŋ42,dɔŋ42,d ɔ ŋ ⁴²,,Wang2015,,,^d ɔ ŋ 42$,default
Daping-32_this-1,,Daping,32_this,na24,na24,n a ²⁴,,Wang2015,,,^n a 24$,default
Daping-33_classifierbowl-1,,Daping,33_classifierbowl,na44,na44,n a ⁴⁴,,Wang2015,,,^n a 44$,default
Daping-34_crossriver-1,,Daping,34_crossriver,kɛi42,kɛi42,k ɛi ⁴²,,Wang2015,,,^k ɛi 42$,default
Daping-35_bird-1,,Daping,35_bird,nɔu22,nɔu22,n ɔu ²²,,Wang2015,,,^n ɔu 22$,default
Daping-36_moon-1,,Daping,36_moon,lɔu42,lɔu42,l ɔu ⁴²,,Wang2015,,,^l ɔu 42$,default
Daping-37_tail-1,,Daping,37_tail,dui24,dui24,d u i ²⁴,,Wang2015,,,^d u i 24$,default
Daping-38_cucumber-1,,Daping,38_cucumber,ka44 F!,ka44_F!,k a ⁴⁴,,Wang2015,,,^k a 44 _F! $,default
Daping-39_chicken-1,,Daping,39_chicken,kui44,kui44,k u i ⁴⁴,,Wang2015,,,^k u i 44$,default
Daping-40_chopsticks-1,,Daping,40_chopsticks,tau22 F!,tau22_F!,t au ²²,,Wang2015,,,^t au 22 _F! $,default
Daping-41_six-1,,Daping,41_six,tɔu44,tɔu44,t ɔu ⁴⁴,,Wang2015,,,^t ɔu 44$,default
Daping-42_laugh-1,,Daping,42_laugh,tut44,tut44,t u t ⁴⁴,,Wang2015,,,^t u t 44$,default
Daping-43_fat-1,,Daping,43_fat,tin22 I!,tin22_I!,t i n ²²,,Wang2015,,,^t i n 22 _I! $,default
Daping-44_high-1,,Daping,44_high,dzɔŋ44,dzɔŋ44,d z ɔ ŋ ⁴⁴,,Wang2015,,,^d z ɔ ŋ 44$,default
Daping-45_new-1,,Daping,45_new,sjaŋ44,sjaŋ44,s j a ŋ ⁴⁴,,Wang2015,,,^s j a ŋ 44$,default
Daping-46_ash-1,,Daping,46_ash,sɔi24,sɔi24,s ɔi ²⁴,,Wang2015,,,^s ɔi 24$,default
Daping-47_blood-1,,Daping,47_blood,dzjɛm24,dzjɛm24,d z j ɛ m ²⁴,,Wang2015,,,^d z j ɛ m 24$,default
Daping-48_heavy-1,,Daping,48_heavy,nɛi24,nɛi24,n ɛi ²⁴,,Wang2015,,,^n ɛi 24$,default
Daping-49_steal-1,,Daping,49_steal,ȵɛm22,ȵɛm22,ȵ ɛ m ²²,,Wang2015,,,^ȵ ɛ m 22$,default
Daping-50_silver-1,,Daping,50_silver,ȵan53,ȵan53,ȵ a n ⁵³,,Wang2015,,,^ȵ a n 53$,default
Daping-51_eight-1,,Daping,51_eight,dzjat22,dzjat22,d z j a t ²²,,Wang2015,,,^d z j a t 22$,default
Daping-52_nine-1,,Daping,52_nine,ku53,ku53,k u ⁵³,,Wang2015,,,^k u 53$,default
Daping-53_itchy-1,,Daping,53_itchy,kɛt44,kɛt44,k ɛ t ⁴⁴,,Wang2015,,,^k ɛ t 44$,default
Daping-54_ten-1,,Daping,54_ten,sjɛp 22,sjɛp_22,s j ɛ p + ²²,,Wang2015,,,^s j ɛ p _ 22$,default
Daping-55_mushroom-1,,Daping,55_mushroom,ku44,ku44,k u ⁴⁴,,Wang2015,,,^k u 44$,default
Daping-56_aunitofweight-1,,Daping,56_aunitofweight,tsan44,tsan44,ts a n ⁴⁴,,Wang2015,,,^ts a n 44$,default
Daping-57_worm-1,,Daping,57_worm,saŋ44,saŋ44,s a ŋ ⁴⁴,,Wang2015,,,^s a ŋ 44$,default
Daping-58_road-1,,Daping,58_road,tsu24,tsu24,ts u ²⁴,,Wang2015,,,^ts u 24$,default
Daping-59_buffalo-1,,Daping,59_buffalo,ŋ53,ŋ53,ŋ ⁵³,,Wang2015,,,^ŋ 53$,default
Daping-60_horn-1,,Daping,60_horn,kɔu44,kɔu44,k ɔu ⁴⁴,,Wang2015,,,^k ɔu 44$,default
Daping-61_vegetable-1,,Daping,61_vegetable,ɛi44,ɛi44,ɛ i ⁴⁴,,Wang2015,,,^ɛ i 44$,default
Daping-62_stone-1,,Daping,62_stone,dzu44,dzu44,d z u ⁴⁴,,Wang2015,,,^d z u 44$,default
